id,title,artist_name,genre,year,language,path
czech04,Unknown,Unknown,folk,1901,Czech,folkKern/czech/czech04.krn
czech19,Unknown,Unknown,folk,1930,Czech,folkKern/czech/czech19.krn
czech33,Unknown,Unknown,folk,1930,Czech,folkKern/czech/czech33.krn
czech03,Unknown,Unknown,folk,1943,Czech,folkKern/czech/czech03.krn
czech06,Unknown,Unknown,folk,1505,Czech,folkKern/czech/czech06.krn
czech16,Unknown,Unknown,folk,Unknown,Czech,folkKern/czech/czech16.krn
czech12,Unknown,Unknown,folk,Unknown,Czech,folkKern/czech/czech12.krn
czech07,Unknown,Unknown,folk,1911,Czech,folkKern/czech/czech07.krn
czech37,Unknown,Unknown,folk,1930,Czech,folkKern/czech/czech37.krn
czech36,Unknown,Unknown,folk,1969,Czech,folkKern/czech/czech36.krn
czech30,Unknown,Unknown,folk,Unknown,Czech,folkKern/czech/czech30.krn
czech32,Unknown,Unknown,folk,1961,Czech,folkKern/czech/czech32.krn
czech21,Unknown,Unknown,folk,1531,Czech,folkKern/czech/czech21.krn
czech26,Unknown,Unknown,folk,Unknown,Czech,folkKern/czech/czech26.krn
czech34,Unknown,Unknown,folk,1943,Czech,folkKern/czech/czech34.krn
czech02,Unknown,Unknown,folk,Unknown,Czech,folkKern/czech/czech02.krn
czech41,Unknown,Unknown,folk,1960,Czech,folkKern/czech/czech41.krn
czech18,Unknown,Unknown,folk,1923,Czech,folkKern/czech/czech18.krn
czech13,Unknown,Unknown,folk,1938,Czech,folkKern/czech/czech13.krn
czech43,Unknown,Unknown,folk,1938,Czech,folkKern/czech/czech43.krn
czech20,Unknown,Unknown,folk,Unknown,Czech,folkKern/czech/czech20.krn
czech42,Unknown,Unknown,folk,1924,Czech,folkKern/czech/czech42.krn
czech08,Unknown,Unknown,folk,1907,Czech,folkKern/czech/czech08.krn
czech28,Unknown,Unknown,folk,1895,Czech,folkKern/czech/czech28.krn
czech01,Unknown,Unknown,folk,1840,Czech,folkKern/czech/czech01.krn
czech23,Unknown,Unknown,folk,1908,Czech,folkKern/czech/czech23.krn
czech22,Unknown,Unknown,folk,1595,Czech,folkKern/czech/czech22.krn
czech17,Unknown,Unknown,folk,Unknown,Czech,folkKern/czech/czech17.krn
czech29,Unknown,Unknown,folk,1938,Czech,folkKern/czech/czech29.krn
czech15,Unknown,Unknown,folk,1938,Czech,folkKern/czech/czech15.krn
czech14,Unknown,Unknown,folk,Unknown,Czech,folkKern/czech/czech14.krn
czech25,Unknown,Unknown,folk,1927,Czech,folkKern/czech/czech25.krn
czech27,Unknown,Unknown,folk,Unknown,Czech,folkKern/czech/czech27.krn
czech40,Unknown,Unknown,folk,1943,Czech,folkKern/czech/czech40.krn
czech24,Unknown,Unknown,folk,1865,Czech,folkKern/czech/czech24.krn
czech09,Unknown,Unknown,folk,1865,Czech,folkKern/czech/czech09.krn
czech31,Unknown,Unknown,folk,Unknown,Czech,folkKern/czech/czech31.krn
czech39,Unknown,Unknown,folk,1934,Czech,folkKern/czech/czech39.krn
czech35,Unknown,Unknown,folk,1844,Czech,folkKern/czech/czech35.krn
czech05,Unknown,Unknown,folk,1825,Czech,folkKern/czech/czech05.krn
czech38,Unknown,Unknown,folk,1935,Czech,folkKern/czech/czech38.krn
czech10,Unknown,Unknown,folk,1949,Czech,folkKern/czech/czech10.krn
czech11,Unknown,Unknown,folk,1914,Czech,folkKern/czech/czech11.krn
romani16,"Der Meierin Sohn Ich geh auf Gassen, ich geh auf Strassen,",Unknown,folk,1931,Romanian,folkKern/romania/romani16.krn
romani11,"Koenig von Mailand Et geng e Keneng ganz siwe Gor,",Unknown,folk,1931,Romanian,folkKern/romania/romani11.krn
romani05,"Die erzwungene Ehe 'Gaden Owend, ir Kechane, wa git et ech?'",Unknown,folk,1931,Romanian,folkKern/romania/romani05.krn
romani20,"Der Vorwirt Es wollt' ui Knaeblein ausreite,",Unknown,folk,Unknown,Romanian,folkKern/romania/romani20.krn
romani27,Graf und Nonne (Die Nonne) Ich stand am hohen Bergelein,Unknown,folk,1909,Romanian,folkKern/romania/romani27.krn
romani21,Die Rabenmutter Es treibt ein Schaefer die Laemmer aus,Unknown,folk,1938,Romanian,folkKern/romania/romani21.krn
romani03,"Der Honef di wor gor klin, gor klin, de Kegder dae woren gor schin, gor schin",Unknown,folk,Unknown,Romanian,folkKern/romania/romani03.krn
romani23,Nachtigall als Warnerin Et sas e kli Waeltfijeltchen,Unknown,folk,1857,Romanian,folkKern/romania/romani23.krn
romani24,"Graf und Nonne (Die Nonne) Steig auf jenes Beargilei,",Unknown,folk,1937,Romanian,folkKern/romania/romani24.krn
romani28,Graf und Nonne (Die Nonne) Ich stand auf hohem Berge,Unknown,folk,Unknown,Romanian,folkKern/romania/romani28.krn
romani08,Graf Friedrich Graf Friedrich wollt ausreiten,Unknown,folk,Unknown,Romanian,folkKern/romania/romani08.krn
romani13,"Die Bluthochzeit Et sauss e Medchi haenderm Schlamchi,",Unknown,folk,1931,Romanian,folkKern/romania/romani13.krn
romani10,"Der Scheintod Mer walle gon, mer walle net ston,",Unknown,folk,1931,Romanian,folkKern/romania/romani10.krn
romani12,"Der Maedchenmoerder (Halewijn - Ulinger) Et frad e Kenenk genzt dem Renj,",Unknown,folk,1850,Romanian,folkKern/romania/romani12.krn
romani09,"Die Bernauerin Es reisten drei Herren aus Muenchen heraus,",Unknown,folk,1898,Romanian,folkKern/romania/romani09.krn
romani26,Graf und Nonne (Die Nonne) Ich steig auf hohe Berge,Unknown,folk,1909,Romanian,folkKern/romania/romani26.krn
romani01,"Siebenbuergen, Land des Segens Land der Fuelle und der Kraft",Unknown,folk,Unknown,Romanian,folkKern/romania/romani01.krn
romani22,"Der Gluecksjaeger Es war ein Jaeger von stolzem Mut, stolzem Mut,",Unknown,folk,1937,Romanian,folkKern/romania/romani22.krn
romani02,"Haerzke, menj Haerzken, do faer iwerm Rech, woraem mess ech aenjden vun dir ewech ?",Unknown,folk,Unknown,Romanian,folkKern/romania/romani02.krn
romani25,Graf und Nonne (Die Nonne) Ich stand auf hohen Berge,Unknown,folk,1941,Romanian,folkKern/romania/romani25.krn
romani04,Schloss in Oesterreich Es war ein Schloss in Oesterreich,Unknown,folk,1897,Romanian,folkKern/romania/romani04.krn
romani17,"Die verkaufte Muellerin 's waer is a mol ui guet z Obed spot,",Unknown,folk,Unknown,Romanian,folkKern/romania/romani17.krn
romani15,"Die dienende Schwester Es spielt ein Spielgraf an dem Rhein,",Unknown,folk,Unknown,Romanian,folkKern/romania/romani15.krn
romani06,"Das Bauerntoechterlein Es haett is an Bauer ui Annilei',",Unknown,folk,1937,Romanian,folkKern/romania/romani06.krn
romani18,"Die Mordeltern Es war'n einmal zwei Bauernsoehn,",Unknown,folk,1931,Romanian,folkKern/romania/romani18.krn
romani14,Graf Friedrich Es wollt ein Koenig ausreiten,Unknown,folk,1925,Romanian,folkKern/romania/romani14.krn
romani19,"Die verkaufte Muellerin Es wollt ein Mueller frueh aufstehn,",Unknown,folk,1931,Romanian,folkKern/romania/romani19.krn
magyar37,Graf und Nonne (Die Nonne) Ich stand auf hohem Berge,Unknown,folk,1940,Hungarian,folkKern/magyar/magyar37.krn
magyar39,Graf und Nonne (Die Nonne) Egy magas hegy tetejeroel,Unknown,folk,1976,Hungarian,folkKern/magyar/magyar39.krn
magyar32,Die Brombeerpflueckerin Es wollt ein Madel frueh aufstehn.,Unknown,folk,1935,Hungarian,folkKern/magyar/magyar32.krn
magyar29,Der schwatzhafte Junggeselle Es spielen drei Kaufleut auf einen Tisch.,Unknown,folk,1938,Hungarian,folkKern/magyar/magyar29.krn
magyar41,"Graf und Nonne (Die Nonne) Es welken alle Blaetter,",Unknown,folk,1984,Hungarian,folkKern/magyar/magyar41.krn
magyar23,"Die Rabenmutter Vater und Mutter, lebet wohl,",Unknown,folk,Unknown,Hungarian,folkKern/magyar/magyar23.krn
magyar13,Die Koenigstochter im Heeresdienst Was wuenschen wir dem Vater zum neuen Jahr?,Unknown,folk,Unknown,Hungarian,folkKern/magyar/magyar13.krn
magyar05,Graf Friedrich In Oesterraaich sin di Gassen sou enge,Unknown,folk,1932,Hungarian,folkKern/magyar/magyar05.krn
magyar19,Die Rabenmutter ohne Text,Unknown,folk,Unknown,Hungarian,folkKern/magyar/magyar19.krn
magyar03,"Graf und Nonne (Die Nonne) Es welken alle Blaetter,",Unknown,folk,Unknown,Hungarian,folkKern/magyar/magyar03.krn
magyar43,Graf und Nonne (Die Nonne) Egy magas hegytetoeroel,Unknown,folk,1981,Hungarian,folkKern/magyar/magyar43.krn
magyar35,Jaeger und Graserin Es wold ain Maettischen wol fruuj aufschtaejen.,Unknown,folk,1932,Hungarian,folkKern/magyar/magyar35.krn
magyar24,"Das hungernde Kind Keljetek fel, pasztorok, pasztorok,",Unknown,folk,1953,Hungarian,folkKern/magyar/magyar24.krn
magyar42,Graf und Nonne (Die Nonne) Steig ich auf das Berglein,Unknown,folk,1985,Hungarian,folkKern/magyar/magyar42.krn
magyar25,Waise und Stiefmutter Ein kleines Maedchen zart,Unknown,folk,1943,Hungarian,folkKern/magyar/magyar25.krn
magyar26,"Waise und Stiefmutter Morgens in aller Frueh',",Unknown,folk,Unknown,Hungarian,folkKern/magyar/magyar26.krn
magyar17,"Der heimkehrende Soldat Es kehrt ein Soldat aus dem Kriege zurueck, hurra!",Unknown,folk,1940,Hungarian,folkKern/magyar/magyar17.krn
magyar36,"Graf und Nonne (Die Nonne) Mein Schatz hat ein weiss' Hemet an,",Unknown,folk,1930,Hungarian,folkKern/magyar/magyar36.krn
magyar38,"Graf und Nonne (Die Nonne) Steh ich auf hohe Felsen,",Unknown,folk,1976,Hungarian,folkKern/magyar/magyar38.krn
magyar16,"Der heimkehrende Soldat Soldat zog aus dem Kriege, kuckuck.",Unknown,folk,Unknown,Hungarian,folkKern/magyar/magyar16.krn
magyar14,"Die Koenigstochter im Heeresdienst O, jaj nekem Marianak,",Unknown,folk,Unknown,Hungarian,folkKern/magyar/magyar14.krn
magyar01,I FAHR AUF DER POST,Unknown,folk,Unknown,Hungarian,folkKern/magyar/magyar01.krn
magyar18,"Die Rabenmutter Es wollt' a Halter frueh austrei'n,",Unknown,folk,1958,Hungarian,folkKern/magyar/magyar18.krn
magyar04,Erloesung vom Galgen Es schpuellen drai Khauflaeit bai ainen Disch.,Unknown,folk,1931,Hungarian,folkKern/magyar/magyar04.krn
magyar28,"Der schwatzhafte Junggeselle 's waren einmol drei G'soellein,",Unknown,folk,1959,Hungarian,folkKern/magyar/magyar28.krn
magyar15,Maedchen als Stallknecht Was wuentschen wir's dem Hean,Unknown,folk,1929,Hungarian,folkKern/magyar/magyar15.krn
magyar06,Ritter und Magd Es schlaeft ein Graf bei seiner Magd,Unknown,folk,1935,Hungarian,folkKern/magyar/magyar06.krn
magyar12,Entfuehrung unterm Tanz ohne Text,Unknown,folk,1943,Hungarian,folkKern/magyar/magyar12.krn
magyar30,Der schwatzhafte Junggeselle Khatrina Khatriina tu raine Mogd.,Unknown,folk,Unknown,Hungarian,folkKern/magyar/magyar30.krn
magyar08,Ritter und Magd Es spielt' ein Ritter mit seiner Madam,Unknown,folk,Unknown,Hungarian,folkKern/magyar/magyar08.krn
magyar44,Graf und Nonne (Die Nonne) Ich stand auf hohen Felsen,Unknown,folk,Unknown,Hungarian,folkKern/magyar/magyar44.krn
magyar09,Der grausame Bruder A katona a menyecsket,Unknown,folk,1925,Hungarian,folkKern/magyar/magyar09.krn
magyar07,Ritter und Magd Es schlaeft ein Graf bei seinem Maedel,Unknown,folk,1935,Hungarian,folkKern/magyar/magyar07.krn
magyar33,Graserin und Reiter Es wollt ein Madel grasen gehn,Unknown,folk,1971,Hungarian,folkKern/magyar/magyar33.krn
magyar34,"Jaeger und Graserin Es ging ein Maedchen im gruenen Walde grasen,",Unknown,folk,Unknown,Hungarian,folkKern/magyar/magyar34.krn
magyar21,"Die Rabenmutter Es wollt' ein Halter frueh austreiben,",Unknown,folk,1957,Hungarian,folkKern/magyar/magyar21.krn
magyar27,"Maedchen und Hasel 'Guten Morgen, du Nuesselein,",Unknown,folk,1935,Hungarian,folkKern/magyar/magyar27.krn
magyar02,"Graf und Nonne (Die Nonne) ""Mei Schatz, du hast g'sagt, du naehmest mich,",Unknown,folk,Unknown,Hungarian,folkKern/magyar/magyar02.krn
magyar11,"Der Vorwirt Es ritt ein Herr ueber den geweihten Kirchhof,",Unknown,folk,1937,Hungarian,folkKern/magyar/magyar11.krn
magyar22,"Die Rabenmutter Es wollt' ein Halter frueh austreiben,",Unknown,folk,1940,Hungarian,folkKern/magyar/magyar22.krn
magyar40,"Graf und Nonne (Die Nonne) Du hast gesagt, du nehmest mich",Unknown,folk,1983,Hungarian,folkKern/magyar/magyar40.krn
magyar20,Die Rabenmutter ohne Text,Unknown,folk,Unknown,Hungarian,folkKern/magyar/magyar20.krn
magyar31,"Vater und Tochter 'Kuin Morgen Junkfrau schoeoene',",Unknown,folk,1931,Hungarian,folkKern/magyar/magyar31.krn
magyar10,"Wiedersehen an der Bahre Der Juengling, der in Kampfe zog,",Unknown,folk,1936,Hungarian,folkKern/magyar/magyar10.krn
magyar45,"Graf und Nonne (Die Nonne) Du hast alleweil gsagt, du nimmst mich,",Unknown,folk,Unknown,Hungarian,folkKern/magyar/magyar45.krn
ukrain04,"Tochter als Faehnrich Im Ungarland zu Grosswardein,",Unknown,folk,1963,Ukranian,folkKern/ukraina/ukrain04.krn
ukrain12,"Der schwatzhafte Junggeselle Es waren drei Gesellen,",Unknown,folk,1930,Ukranian,folkKern/ukraina/ukrain12.krn
ukrain03,"Das Maedchen und der Faehnrich Ach Mutter mein, ach Tochter mein,",Unknown,folk,1930,Ukranian,folkKern/ukraina/ukrain03.krn
ukrain07,Die Rabenmutter Es treibt ein Hirt seine Schaf' in' Wald,Unknown,folk,Unknown,Ukranian,folkKern/ukraina/ukrain07.krn
ukrain11,Das Maedchen und der Faehnrich Es war ein reiches Geschlechtelein,Unknown,folk,1929,Ukranian,folkKern/ukraina/ukrain11.krn
ukrain06,"Der heimkehrende Soldat Es reist ein Matrose vom Kriege heim, Kuckuck,",Unknown,folk,1931,Ukranian,folkKern/ukraina/ukrain06.krn
ukrain09,"Die schoene Magdalena Was geschah an einem Montag,",Unknown,folk,1944,Ukranian,folkKern/ukraina/ukrain09.krn
ukrain10,"Das Maedchen und der Faehnrich 'Ach Tochter, liebe Tochter mein,",Unknown,folk,1930,Ukranian,folkKern/ukraina/ukrain10.krn
ukrain08,"Waise und Stiefmutter Es war ein Waislein klein,",Unknown,folk,1943,Ukranian,folkKern/ukraina/ukrain08.krn
ukrain02,"Das Schwabentoechterlein Es hat ein Bauer ein Madl ghabt,",Unknown,folk,1941,Ukranian,folkKern/ukraina/ukrain02.krn
ukrain13,"Verschlafener Jaeger Es wollt ein Jaeger frueh jagen,",Unknown,folk,1942,Ukranian,folkKern/ukraina/ukrain13.krn
ukrain01,Die wiedergefundene Schwester (Suedeli - Ballade) Kyrillischer Text,Unknown,folk,1896,Ukranian,folkKern/ukraina/ukrain01.krn
ukrain05,"Tochter als Faehnrich Der goldene Rosenkranz,",Unknown,folk,1963,Ukranian,folkKern/ukraina/ukrain05.krn
england3,"Die Schlangenkoechin 'What'll ye leave to your mother,",Unknown,folk,1925,English,folkKern/england/england3.krn
england1,God Save Our Lord the King,Unknown,folk,Unknown,English,folkKern/england/england1.krn
england2,"Die Schlangenkoechin 'Oh, where have you been this livelong day,",Unknown,folk,1950,English,folkKern/england/england2.krn
england4,Kornschneiden ohne Text,Unknown,folk,1600,English,folkKern/england/england4.krn
sverig02,"Die Koenigskinder Det voro tva aedla konungabarn,",Unknown,folk,1814,Swedish,folkKern/sverige/sverig02.krn
sverig09,Die Schlangenkoechin 'Hvar har du va't sa laenge?',Unknown,folk,1842,Swedish,folkKern/sverige/sverig09.krn
sverig08,Schoen Adelheid Ohne Text,Unknown,folk,1934,Swedish,folkKern/sverige/sverig08.krn
sverig11,"Graf und Nonne (Die Nonne) Det var tva sata vaenner,",Unknown,folk,1818,Swedish,folkKern/sverige/sverig11.krn
sverig10,"Der grausame Bruder Herr Ake han rider pa sin kaera moders gard' uti rymden,",Unknown,folk,1883,Swedish,folkKern/sverige/sverig10.krn
sverig05,Der grausame Bruder Konung och Drottning de talades vid under lide',Unknown,folk,Unknown,Swedish,folkKern/sverige/sverig05.krn
sverig07,"Schoen Adelheid Skoen Anna hon kasta en halver gullring,",Unknown,folk,1934,Swedish,folkKern/sverige/sverig07.krn
sverig03,"Die Koenigstochter Om alla berg och dalar de voro utaf gull,",Unknown,folk,1814,Swedish,folkKern/sverige/sverig03.krn
sverig04,Jungfer Doertchen Herr Malmsten han droemde en droem om en natt.,Unknown,folk,1880,Swedish,folkKern/sverige/sverig04.krn
sverig01,"Der heimkehrende Soldat Husaren kom ater fran kriget och hem, Hurra!",Unknown,folk,1903,Swedish,folkKern/sverige/sverig01.krn
sverig06,Schoen Adelheid Unga bruden kastade en halver gullring.,Unknown,folk,1934,Swedish,folkKern/sverige/sverig06.krn
oestr092,AM BLAU UND WEISSEN BANDE,Unknown,folk,Unknown,German,folkKern/oesterrh/oestr092.krn
oestr055,"""Der Vogler"" GRUESS DICH GOD MAI LIABI REGERL",Unknown,folk,Unknown,German,folkKern/oesterrh/oestr055.krn
oestr002,WENN DER SCHNEE VON DER ALMA WEGGAGEHT,Unknown,folk,Unknown,German,folkKern/oesterrh/oestr002.krn
oestr039,"""Rechter Geschmack"" MADL MAGST ANN ROSOLI",Unknown,folk,Unknown,German,folkKern/oesterrh/oestr039.krn
oestr080,Der heimkehrende Braeutigam Wie bald hab' ich geendet,Unknown,folk,1956,German,folkKern/oesterrh/oestr080.krn
oestr082,"Koenig von Mailand Merkt fleissig auf, ihr Christenleut,",Unknown,folk,Unknown,German,folkKern/oesterrh/oestr082.krn
oestr037,"""Lilliput"" KLOAN BIN I KLOAN BLAIB I",Unknown,folk,Unknown,German,folkKern/oesterrh/oestr037.krn
oestr054,"""Der Gemsjaeger"" DURT OBN AUF DER ALMA",Unknown,folk,Unknown,German,folkKern/oesterrh/oestr054.krn
oestr014,HERZIGS SCHATZERL,Unknown,folk,Unknown,German,folkKern/oesterrh/oestr014.krn
oestr084,Die elfjaehrige Markgraefin Ich han in ainem garten gesehen,Unknown,folk,Unknown,German,folkKern/oesterrh/oestr084.krn
oestr033,DIE MARIANDL IST SO SCHOEN,Unknown,folk,Unknown,German,folkKern/oesterrh/oestr033.krn
oestr005,MEIN LIEBE FRAU MUTTER,Unknown,folk,Unknown,German,folkKern/oesterrh/oestr005.krn
oestr023,AUF DER ALMA DORT FINDEN DIE KUEH,Unknown,folk,Unknown,German,folkKern/oesterrh/oestr023.krn
oestr019,BIN AUS UND EIN GANGN,Unknown,folk,Unknown,German,folkKern/oesterrh/oestr019.krn
oestr067,Graf und Nonne (Die Nonne) Einst stand ich auf hohen Felsen,Unknown,folk,1910,German,folkKern/oesterrh/oestr067.krn
oestr096,"Bei da Lind'n bin i g'sessn,",Unknown,folk,Unknown,German,folkKern/oesterrh/oestr096.krn
oestr059,"""Der Reigen"" ANNA MARI MARI WEND DI DREH DI",Unknown,folk,Unknown,German,folkKern/oesterrh/oestr059.krn
oestr050,"""Die Trennung"" AI WAS SOLL I DENN KAFN",Unknown,folk,Unknown,German,folkKern/oesterrh/oestr050.krn
oestr038,"""Der Wildschuetz"" GRIASS DI GOTT, MAIN LIABI ROES'L",Unknown,folk,Unknown,German,folkKern/oesterrh/oestr038.krn
oestr060,"""Der Donaustrudel"" GEH I HALT WOHL IN DEN WALD",Unknown,folk,Unknown,German,folkKern/oesterrh/oestr060.krn
oestr086,"Das Bauerntoechterlein Es hat ein Bau'r ein Toechterlein,",Unknown,folk,1907,German,folkKern/oesterrh/oestr086.krn
oestr098,Des Morgens in der Fruehe da treiben wir die Kuehe,Unknown,folk,Unknown,German,folkKern/oesterrh/oestr098.krn
oestr062,Graf und Nonne (Die Nonne) Einst stieg ich auf hohen Felsen,Unknown,folk,1941,German,folkKern/oesterrh/oestr062.krn
oestr032,ICH WOLLT WOL AUSGEHN,Unknown,folk,Unknown,German,folkKern/oesterrh/oestr032.krn
oestr076,Tod der Geschwister ohne Text,Unknown,folk,1956,German,folkKern/oesterrh/oestr076.krn
oestr056,"""Der Kohlenbauer"" BIN JA DAS KOHLENBAUABUA",Unknown,folk,Unknown,German,folkKern/oesterrh/oestr056.krn
oestr063,"Graf und Nonne (Die Nonne) Ich stand auf hohen Felsen,",Unknown,folk,1941,German,folkKern/oesterrh/oestr063.krn
oestr068,Verschlafener Jaeger Es begab sich ein Jaeger auf's Jagen,Unknown,folk,1907,German,folkKern/oesterrh/oestr068.krn
oestr044,"""Ihr Bild"" SCHOEN MOLLAD UND FAIN",Unknown,folk,Unknown,German,folkKern/oesterrh/oestr044.krn
oestr021,IM KUMME DAHEA VON ESTAREI,Unknown,folk,Unknown,German,folkKern/oesterrh/oestr021.krn
oestr103,"Die Todesbraut Es lief ein Braeutlein ueber d'Wies,",Unknown,folk,1937,German,folkKern/oesterrh/oestr103.krn
oestr073,"Die Rabenmutter Ach, mein Herz, das koennte bluten,",Unknown,folk,Unknown,German,folkKern/oesterrh/oestr073.krn
oestr036,"""Wiegenlied. "" HAIDL BUBAIDL IN GUADA RUA",Unknown,folk,Unknown,German,folkKern/oesterrh/oestr036.krn
oestr012,MEI DIENDERL IS HARB AUF MI,Unknown,folk,Unknown,German,folkKern/oesterrh/oestr012.krn
oestr058,"""Der geschlagene Mann"" S BEDLWAIBL WOLLT KIARISIARTN GEHN",Unknown,folk,Unknown,German,folkKern/oesterrh/oestr058.krn
oestr016,HIEZT HAB I MEIN TREUHEIT,Unknown,folk,Unknown,German,folkKern/oesterrh/oestr016.krn
oestr004,ES WAR EINMAL EIN RITTERSMANN,Unknown,folk,Unknown,German,folkKern/oesterrh/oestr004.krn
oestr061,Des Morgens in der Fruehe da treiben wir die Kuehe,Unknown,folk,Unknown,German,folkKern/oesterrh/oestr061.krn
oestr028,"""Die Henne"" ACH MEIN HENNCHEN",Unknown,folk,Unknown,German,folkKern/oesterrh/oestr028.krn
oestr022,AUF D ALMA GEH I AUFE,Unknown,folk,Unknown,German,folkKern/oesterrh/oestr022.krn
oestr020,DASS IM WALD FINSTR IS,Unknown,folk,Unknown,German,folkKern/oesterrh/oestr020.krn
oestr049,"""Herzweh"" WO I LIEG WO I STEH",Unknown,folk,Unknown,German,folkKern/oesterrh/oestr049.krn
oestr074,"Die Rabenmutter Der Halter wollt' den Wald austreibn,",Unknown,folk,Unknown,German,folkKern/oesterrh/oestr074.krn
oestr079,"Genovefa Ein jedes betracht', was gewisshaft ist,",Unknown,folk,1937,German,folkKern/oesterrh/oestr079.krn
oestr070,"Der schwatzhafte Junggeselle Es waren mal drei Gesellen, -sellen,",Unknown,folk,1941,German,folkKern/oesterrh/oestr070.krn
oestr097,"Andreas - Hofer - Lied Ach Himml, es ist verspielt,",Unknown,folk,Unknown,German,folkKern/oesterrh/oestr097.krn
oestr065,"Graf und Nonne (Die Nonne) Stand ich auf hohen Felsen,",Unknown,folk,1941,German,folkKern/oesterrh/oestr065.krn
oestr069,"Die Brombeerpflueckerin Es wollt ein Maderl fruah aufstehn,",Unknown,folk,1912,German,folkKern/oesterrh/oestr069.krn
oestr094,MEI SCHATZERL IS GWANDERT,Unknown,folk,Unknown,German,folkKern/oesterrh/oestr094.krn
oestr042,"""Die Beruhigte"" WANN I HALT FRUA AUFSTEH",Unknown,folk,Unknown,German,folkKern/oesterrh/oestr042.krn
oestr015,DA DROBEN AUFM BERGEL,Unknown,folk,Unknown,German,folkKern/oesterrh/oestr015.krn
oestr085,AF AF EHS HIAERTN,Unknown,folk,Unknown,German,folkKern/oesterrh/oestr085.krn
oestr088,DORT WO DIE SCHNEEBERG STOLZ,Unknown,folk,Unknown,German,folkKern/oesterrh/oestr088.krn
oestr040,"""Liebesstolz"" HALB UND HALB HAST MI GERN",Unknown,folk,Unknown,German,folkKern/oesterrh/oestr040.krn
oestr090,ALLDORT AUF GRUENEN MATTEN,Unknown,folk,Unknown,German,folkKern/oesterrh/oestr090.krn
oestr051,"""Die Nachtigall"" SITZT A SCHOENS VOEGERL AUF'M DANNABAUM",Unknown,folk,Unknown,German,folkKern/oesterrh/oestr051.krn
oestr030,"""Der Knab auf dem Berge"" DORT OBN AUFM BERGERL",Unknown,folk,Unknown,German,folkKern/oesterrh/oestr030.krn
oestr047,"""Bitte und Gewaehrung"" DU HEARZIG SCHOENS SCHATZERL",Unknown,folk,Unknown,German,folkKern/oesterrh/oestr047.krn
oestr035,"""Die Kirchweihe"" AM SUNDA IS KIRTA",Unknown,folk,Unknown,German,folkKern/oesterrh/oestr035.krn
oestr025,"""Luftschloesser"" WENN ICH MAL GROSS BIN",Unknown,folk,Unknown,German,folkKern/oesterrh/oestr025.krn
oestr046,"""Liebe ueber alles"" VOM WALD BIN I FIARA",Unknown,folk,Unknown,German,folkKern/oesterrh/oestr046.krn
oestr093,ZUM HAHN SAGT DIE TAUBA,Unknown,folk,Unknown,German,folkKern/oesterrh/oestr093.krn
oestr075,"Die scheintote Braut Wer Wunderding will hoeren an,",Unknown,folk,1819,German,folkKern/oesterrh/oestr075.krn
oestr003,UND WAS THUAT DENN DER JAEGERBUA,Unknown,folk,Unknown,German,folkKern/oesterrh/oestr003.krn
oestr011,WANN I HALD FRUA AFSTEH,Unknown,folk,Unknown,German,folkKern/oesterrh/oestr011.krn
oestr066,Graf und Nonne (Die Nonne) Ach was soll denn schoener sein,Unknown,folk,1929,German,folkKern/oesterrh/oestr066.krn
oestr053,"""Entschuldigung"" 'N MONTAG HAT'S G'REGNET",Unknown,folk,Unknown,German,folkKern/oesterrh/oestr053.krn
oestr087,"Das Bauerntoechterlein Da Bauer hat ein Toechterlein,",Unknown,folk,1886,German,folkKern/oesterrh/oestr087.krn
oestr095,WONI GEH UND STEH,Unknown,folk,Unknown,German,folkKern/oesterrh/oestr095.krn
oestr077,"Die verunglueckte Muellerstochter Mueller Meister, tut ansehen,",Unknown,folk,Unknown,German,folkKern/oesterrh/oestr077.krn
oestr101,Der Tannhaeuser Es wollt ein Suender reisen,Unknown,folk,1920,German,folkKern/oesterrh/oestr101.krn
oestr009,AUF AUF IHR KRIEGER,Unknown,folk,Unknown,German,folkKern/oesterrh/oestr009.krn
oestr013,WIE D WOLKEN AM HIMMEL,Unknown,folk,Unknown,German,folkKern/oesterrh/oestr013.krn
oestr102,"Frau von Weissenburg Graf Friedrich taet' ausreiten,",Unknown,folk,1914,German,folkKern/oesterrh/oestr102.krn
oestr083,Wiedersehen an der Bahre Ein Bursch' wollt' in die Fremde ziehn,Unknown,folk,1930,German,folkKern/oesterrh/oestr083.krn
oestr008,DORT BEIM SEE DA DRUNT,Unknown,folk,Unknown,German,folkKern/oesterrh/oestr008.krn
oestr031,ES WAR EIN ZARTES JUNGFRAEUELEIN,Unknown,folk,Unknown,German,folkKern/oesterrh/oestr031.krn
oestr010,TYROLER LASST UNS STREITEN,Unknown,folk,Unknown,German,folkKern/oesterrh/oestr010.krn
oestr007,ES WOLLT EIN MAEDL WOL FRUEH AUFSTEHN,Unknown,folk,Unknown,German,folkKern/oesterrh/oestr007.krn
oestr057,"""Die schoene Joppe"" DA BAUA VAKAUFT SEINN AKR",Unknown,folk,Unknown,German,folkKern/oesterrh/oestr057.krn
oestr026,SITZT A SCHENS VEGERL,Unknown,folk,Unknown,German,folkKern/oesterrh/oestr026.krn
oestr006,A DIARNDL GEHT UM HOLZ IN WALD,Unknown,folk,Unknown,German,folkKern/oesterrh/oestr006.krn
oestr078,KIMMT A VOGERL GEFLOGEN,Unknown,folk,Unknown,German,folkKern/oesterrh/oestr078.krn
oestr052,"""Frohsinn"" I BIN A JUNGS BIABL",Unknown,folk,Unknown,German,folkKern/oesterrh/oestr052.krn
oestr043,"""Bauern - Elend"" ISCH DAS NIT ES ELENGS LEBEN",Unknown,folk,Unknown,German,folkKern/oesterrh/oestr043.krn
oestr017,WAIB SOLLST HAM GEHN,Unknown,folk,Unknown,German,folkKern/oesterrh/oestr017.krn
oestr024,WENN DER SCHNEE VON DEN ALPEN,Unknown,folk,Unknown,German,folkKern/oesterrh/oestr024.krn
oestr071,"Waise und Stiefmutter Ich stand auf hohem Felsen,",Unknown,folk,Unknown,German,folkKern/oesterrh/oestr071.krn
oestr072,"Das hungernde Kind Auf, ihr Hirten, von dem Schlaf, von dem Schlaf,",Unknown,folk,Unknown,German,folkKern/oesterrh/oestr072.krn
oestr018,GEH ICH HIN UEBER DIE ALM,Unknown,folk,Unknown,German,folkKern/oesterrh/oestr018.krn
oestr081,"Die Koenigstochter im Heeresdienst Nun, jetzt muss ich von euch scheiden,",Unknown,folk,Unknown,German,folkKern/oesterrh/oestr081.krn
oestr027,"""Der Tanz"" FIDLGUNGAS GAI GAI",Unknown,folk,Unknown,German,folkKern/oesterrh/oestr027.krn
oestr089,HOCH VOM DACHSTEIN AN WO DER AAR NOCH HAUST,Unknown,folk,Unknown,German,folkKern/oesterrh/oestr089.krn
oestr045,"""Der Blick"" MEIN SCHAZZERL HAD BRAUNI AUGEN",Unknown,folk,Unknown,German,folkKern/oesterrh/oestr045.krn
oestr100,Muede kehrt ein Wanderer zurueck nach seiner Heimat seiner Liebe Glueck,Unknown,folk,Unknown,German,folkKern/oesterrh/oestr100.krn
oestr041,"""Liebeskummer"" DASS IM WALD FINSTER IS",Unknown,folk,Unknown,German,folkKern/oesterrh/oestr041.krn
oestr034,AUF GLUECK AUF MEIN DEUTSCHLAND,Unknown,folk,Unknown,German,folkKern/oesterrh/oestr034.krn
oestr001,DEN I SO GERNE HAETT,Unknown,folk,Unknown,German,folkKern/oesterrh/oestr001.krn
oestr104,"Die Todesbraut Wir kommen daher an das Fenster getretn,",Unknown,folk,Unknown,German,folkKern/oesterrh/oestr104.krn
oestr091,WENNS MAILUEFTERL WEHT,Unknown,folk,Unknown,German,folkKern/oesterrh/oestr091.krn
oestr029,STIEGLITZ STIEGLITZ ZEISERL IS KRANK,Unknown,folk,Unknown,German,folkKern/oesterrh/oestr029.krn
oestr064,ES WOLLT EIN MAEDL WOL FRUEH AUFSTEHN,Unknown,folk,Unknown,German,folkKern/oesterrh/oestr064.krn
oestr048,"""Das Stelldichein"" WIAR I VON ZELL AUSSA GEH",Unknown,folk,Unknown,German,folkKern/oesterrh/oestr048.krn
oestr099,"A bissel sikkarisch, a bissl sakrisch, a bissl nobel muess ma thoa",Unknown,folk,Unknown,German,folkKern/oesterrh/oestr099.krn
danmark1,SYV SPRING,Unknown,folk,Unknown,Danish,folkKern/danmark/danmark1.krn
danmark5,"Ritter und Magd Og Greven har sovet hos Jomfru'n i Nat,",Unknown,folk,1891,Danish,folkKern/danmark/danmark5.krn
danmark8,"Bai Raedder 'Skon Guldborg, I drage af Landet med mig.'",Unknown,folk,Unknown,Danish,folkKern/danmark/danmark8.krn
danmark9,"Das Schwabentoechterlein Kejseren havde de Dotre tre,",Unknown,folk,1891,Danish,folkKern/danmark/danmark9.krn
danmark6,Ritter und Magd En Aften jeg laa saa sildig i min Seng,Unknown,folk,Unknown,Danish,folkKern/danmark/danmark6.krn
danmark2,"Das Schwabentoechterlein Kejseren havde de Dottre tre,",Unknown,folk,1891,Danish,folkKern/danmark/danmark2.krn
danmark3,"Die Geburt im Walde Redselille slog Guldvaeven saa hart,",Unknown,folk,1860,Danish,folkKern/danmark/danmark3.krn
danmark4,"Die Koenigstochter Stander op, stander op, mine Sonner syv,",Unknown,folk,1810,Danish,folkKern/danmark/danmark4.krn
danmark7,"Der grausame Bruder Krist give at Dronningen hun var dod,",Unknown,folk,1923,Danish,folkKern/danmark/danmark7.krn
neder034,"Der Nebenbuhler (Jan Willem en Betje) Naer Oostland willen wy ryden,",Unknown,folk,1848,Dutch,folkKern/nederlan/neder034.krn
neder031,Der Nebenbuhler (Jan Willem en Betje) Ik h'en het groene straetje zoo dikwyls ten eynde gegaen.,Unknown,folk,1856,Dutch,folkKern/nederlan/neder031.krn
neder043,"Der Maedchenmoerder (Halewijn - Ulinger) Bruid Ader en Heer Halewijn,",Unknown,folk,1900,Dutch,folkKern/nederlan/neder043.krn
neder054,Der junge Held De bloemties die in t' Kooren staen,Unknown,folk,1700,Dutch,folkKern/nederlan/neder054.krn
neder017,KOMT HIER AL BIJ EN HOORT,Unknown,folk,Unknown,Dutch,folkKern/nederlan/neder017.krn
neder036,Der schwatzhafte Junggeselle Er was laastmaal een ruitere,Unknown,folk,1879,Dutch,folkKern/nederlan/neder036.krn
neder042,"Der Maedchenmoerder (Halewijn - Ulinger) Mooi Amberecht schreef een brievetje fijn,",Unknown,folk,1900,Dutch,folkKern/nederlan/neder042.krn
neder038,Herr von Braunschweig Dien edele heer van brunsesvick,Unknown,folk,Unknown,Dutch,folkKern/nederlan/neder038.krn
neder047,Ritter und Magd De rudder en syn scoen zoete lief,Unknown,folk,1900,Dutch,folkKern/nederlan/neder047.krn
neder015,WAT ZULLEN ONS PATRIOTJENS EETEN,Unknown,folk,Unknown,Dutch,folkKern/nederlan/neder015.krn
neder084,Kornschneiden ohne Text,Unknown,folk,1625,Dutch,folkKern/nederlan/neder084.krn
neder001,WILDY HOOREN,Unknown,folk,Unknown,Dutch,folkKern/nederlan/neder001.krn
neder053,"Der junge Held Het was een jonger Helt,",Unknown,folk,1566,Dutch,folkKern/nederlan/neder053.krn
neder044,"Die elfjaehrige Markgraefin Daer was er een koning zeer rijk van goed,",Unknown,folk,1864,Dutch,folkKern/nederlan/neder044.krn
neder072,"Die Schlangenkoechin Isabelle, mijn dochterken,",Unknown,folk,1504,Dutch,folkKern/nederlan/neder072.krn
neder002,HOORT TOE GY ARM' EN RYKE,Unknown,folk,Unknown,Dutch,folkKern/nederlan/neder002.krn
neder051,Der Scheintod 'Het waren twe ghespeelkens' (Tonangabe),Unknown,folk,1565,Dutch,folkKern/nederlan/neder051.krn
neder024,"Die Brombeerpflueckerin En met een eens kwam daar eens een knecht aan gaan,",Unknown,folk,Unknown,Dutch,folkKern/nederlan/neder024.krn
neder029,"Der Nebenbuhler (Jan Willem en Betje) Ik ben er de groeneland's straatjes zoo dikwijls ten eindegegaan,",Unknown,folk,1951,Dutch,folkKern/nederlan/neder029.krn
neder048,"Ritter und Magd Stout ruiter en een mooi fiere maagd,",Unknown,folk,1900,Dutch,folkKern/nederlan/neder048.krn
neder068,Schoen Adelheid Machelen ghi zijt so schoonen prieel,Unknown,folk,1540,Dutch,folkKern/nederlan/neder068.krn
neder076,Die Antwerpener Kaufmannstochter 't Is die wilt hooren zingen,Unknown,folk,1900,Dutch,folkKern/nederlan/neder076.krn
neder074,Die misshandelte Schwiegertochter Mi Adel en hir Alewijn,Unknown,folk,1879,Dutch,folkKern/nederlan/neder074.krn
neder010,KIMMT A VOGERL GEFLOGEN,Unknown,folk,Unknown,Dutch,folkKern/nederlan/neder010.krn
neder040,"Der Maedchenmoerder (Halewijn - Ulinger) Heer Halewyn zonk een liedekyn,",Unknown,folk,1856,Dutch,folkKern/nederlan/neder040.krn
neder085,"Der schwatzhafte Junggeselle Het klokje sloeg halef elven,",Unknown,folk,Unknown,Dutch,folkKern/nederlan/neder085.krn
neder022,"Graf und Nonne (Die Nonne) Toen ik op Neerlands bergjes stond,",Unknown,folk,1954,Dutch,folkKern/nederlan/neder022.krn
neder028,Der Nebenbuhler (Jan Willem en Betje) Ik ben er de groenelandstraten,Unknown,folk,1969,Dutch,folkKern/nederlan/neder028.krn
neder018,EEN SOUDAEN HAT EEN DOCHTF[ERK3EN,Unknown,folk,Unknown,Dutch,folkKern/nederlan/neder018.krn
neder023,"Graserin und Reiter Daar achter in die velden,",Unknown,folk,1944,Dutch,folkKern/nederlan/neder023.krn
neder071,Die misshandelte Schwiegertochter 't was op een zondag na de noen,Unknown,folk,1506,Dutch,folkKern/nederlan/neder071.krn
neder056,"Totenamt Het daghet in den oosten,",Unknown,folk,1539,Dutch,folkKern/nederlan/neder056.krn
neder075,Tochter als Faehnrich Tuschen vier hooge muren,Unknown,folk,1900,Dutch,folkKern/nederlan/neder075.krn
neder037,WILT HEDEN NU TREDEN VOOR GOD,Unknown,folk,Unknown,Dutch,folkKern/nederlan/neder037.krn
neder014,ALS DE GROOTE KLOKKE LUYD,Unknown,folk,Unknown,Dutch,folkKern/nederlan/neder014.krn
neder035,Der Nebenbuhler (Jan Willem en Betje) Ik heb er de groene streetjes,Unknown,folk,1879,Dutch,folkKern/nederlan/neder035.krn
neder027,Der Nebenbuhler (Jan Willem en Betje) Ik ben er de groenelands straatjes,Unknown,folk,1951,Dutch,folkKern/nederlan/neder027.krn
neder078,"Die Hauptmannstochter Daar was er een kapteinsdochtere,",Unknown,folk,1900,Dutch,folkKern/nederlan/neder078.krn
neder016,ALLE DIE WILLEN NAER,Unknown,folk,Unknown,Dutch,folkKern/nederlan/neder016.krn
neder062,"Die Bernauerin Als ick was in het huis van mijne moeder,",Unknown,folk,1879,Dutch,folkKern/nederlan/neder062.krn
neder061,"Des Grafen Toechterlein Wie wilt horen een nyeuwe liet,",Unknown,folk,1540,Dutch,folkKern/nederlan/neder061.krn
neder045,"Verhaengnisvolle Heirat Daar reed er eenen kapitein twers door den bosch,",Unknown,folk,1900,Dutch,folkKern/nederlan/neder045.krn
neder079,"Die Hauptmannstochter Ick sal beliden v mijn God,",Unknown,folk,1540,Dutch,folkKern/nederlan/neder079.krn
neder065,"Die wiedergefundene Schwester (Suedeli - Ballade) De keizer van Zweden had brieven geschreven,",Unknown,folk,1879,Dutch,folkKern/nederlan/neder065.krn
neder058,"Des Grafen Toechterlein En daar vlogen drij vogelkens over den Rijn,",Unknown,folk,1503,Dutch,folkKern/nederlan/neder058.krn
neder073,"Die Schlangenkoechin 'Waer hedde gij zoolang gebleven,",Unknown,folk,1504,Dutch,folkKern/nederlan/neder073.krn
neder069,Schoen Adelheid Hy ging voor zijne moeder staen:,Unknown,folk,1864,Dutch,folkKern/nederlan/neder069.krn
neder059,Des Grafen Toechterlein Ick weet noch eens Gravens Dochterkijn,Unknown,folk,1631,Dutch,folkKern/nederlan/neder059.krn
neder005,DAAR GING EEN PATERTJE,Unknown,folk,Unknown,Dutch,folkKern/nederlan/neder005.krn
neder064,Die wiedergefundene Schwester (Suedeli - Ballade) Verbliit v lieue susterkyn,Unknown,folk,Unknown,Dutch,folkKern/nederlan/neder064.krn
neder021,Graf und Nonne (Die Nonne) Mach ick een siele prijsen,Unknown,folk,1631,Dutch,folkKern/nederlan/neder021.krn
neder025,Die Brombeerpflueckerin en daar Zou eens een magetje vroeg op staan,Unknown,folk,Unknown,Dutch,folkKern/nederlan/neder025.krn
neder026,"Die Unbestechliche Het was een rudder wael ghedaen,",Unknown,folk,Unknown,Dutch,folkKern/nederlan/neder026.krn
neder066,"Die wiedergefundene Schwester (Suedeli - Ballade) Den Keizer van Zweden heeft brieven geschreven,",Unknown,folk,1900,Dutch,folkKern/nederlan/neder066.krn
neder080,"Die Hauptmannstochter Dje mi to drincken gaue,",Unknown,folk,1934,Dutch,folkKern/nederlan/neder080.krn
neder020,"Graf und Nonne (Die Nonne) Wy klommen op hooge bergen,",Unknown,folk,1903,Dutch,folkKern/nederlan/neder020.krn
neder050,Der Scheintod Een ridder ende een meysken ionck,Unknown,folk,1539,Dutch,folkKern/nederlan/neder050.krn
neder030,"Der Nebenbuhler (Jan Willem en Betje) Ik ben er de Groenelandstraatjes zoo dikwijls ten einde gegaan,",Unknown,folk,1944,Dutch,folkKern/nederlan/neder030.krn
neder008,EI WIE KAN DE ZEVENSPRUNG,Unknown,folk,Unknown,Dutch,folkKern/nederlan/neder008.krn
neder013,GEFT WAT UM DEN ROMMELPOT,Unknown,folk,Unknown,Dutch,folkKern/nederlan/neder013.krn
neder055,"Totenamt Het daghet in den oosten,",Unknown,folk,1540,Dutch,folkKern/nederlan/neder055.krn
neder012,WELEKOMEN KEREMISVOLK,Unknown,folk,Unknown,Dutch,folkKern/nederlan/neder012.krn
neder011,IN DON HEMEL IS EENEN DANS,Unknown,folk,Unknown,Dutch,folkKern/nederlan/neder011.krn
neder057,"Totenamt Et daget in den Oosten,",Unknown,folk,1635,Dutch,folkKern/nederlan/neder057.krn
neder067,"Schoen Adelheid Daar zouder een heer uit schachelen gaan,",Unknown,folk,1900,Dutch,folkKern/nederlan/neder067.krn
neder063,Der grausame Bruder Ic quam ghereden in een dal,Unknown,folk,1540,Dutch,folkKern/nederlan/neder063.krn
neder081,Die Hauptmannstochter Wie wil hooren singen,Unknown,folk,1903,Dutch,folkKern/nederlan/neder081.krn
neder009,EEN IS EENE,Unknown,folk,Unknown,Dutch,folkKern/nederlan/neder009.krn
neder033,Der Nebenbuhler (Jan Willem en Betje) Ik heb de groene straetjens,Unknown,folk,1648,Dutch,folkKern/nederlan/neder033.krn
neder060,"Des Grafen Toechterlein Het voer een scheepken over Rijn,",Unknown,folk,1632,Dutch,folkKern/nederlan/neder060.krn
neder082,"Genovefa Daer was een edel Palzgravin,",Unknown,folk,1694,Dutch,folkKern/nederlan/neder082.krn
neder007,KOMT HIER GIJ PROPER MAEGETJE,Unknown,folk,Unknown,Dutch,folkKern/nederlan/neder007.krn
neder039,"Herr von Braunschweig Het was een kint, soo kleynen kint,",Unknown,folk,1614,Dutch,folkKern/nederlan/neder039.krn
neder052,Der Scheintod Op eenen morghenstont,Unknown,folk,1540,Dutch,folkKern/nederlan/neder052.krn
neder046,Ritter und Magd De rudder en syn scoen zoete lief,Unknown,folk,1900,Dutch,folkKern/nederlan/neder046.krn
neder041,"Der Maedchenmoerder (Halewijn - Ulinger) Heer Halwyn zong een liedekyn,",Unknown,folk,1837,Dutch,folkKern/nederlan/neder041.krn
neder049,Der Scheintod Een ridder ende een meyseken jonck,Unknown,folk,1540,Dutch,folkKern/nederlan/neder049.krn
neder083,Sangeslohn Ic sie die morgensterre,Unknown,folk,Unknown,Dutch,folkKern/nederlan/neder083.krn
neder032,Der Nebenbuhler (Jan Willem en Betje) Ik kwam lestmaal een klein straatjen ingetreden,Unknown,folk,1885,Dutch,folkKern/nederlan/neder032.krn
neder019,Es taget in dem Osten,Unknown,folk,1540,Dutch,folkKern/nederlan/neder019.krn
neder003,HEER HALWYN ZONG EEN LIEDEKYN,Unknown,folk,Unknown,Dutch,folkKern/nederlan/neder003.krn
neder006,SA BOER GAET NAER DEN DANS,Unknown,folk,Unknown,Dutch,folkKern/nederlan/neder006.krn
neder004,Ik sach mijn heere van Valkenstein,Unknown,folk,1539,Dutch,folkKern/nederlan/neder004.krn
neder077,Die drei angeworbenen Maedchen Daar waren drie jonge maagden,Unknown,folk,1800,Dutch,folkKern/nederlan/neder077.krn
neder070,"Die misshandelte Schwiegertochter Bruid Ader en Heer Halewijn,",Unknown,folk,1900,Dutch,folkKern/nederlan/neder070.krn
elsass66,HOER LIEBCHEN WAS ICH SAGEN WILL,Unknown,folk,Unknown,French,folkKern/elsass/elsass66.krn
elsass49,ACH GOTT WIE TRAURIG,Unknown,folk,Unknown,French,folkKern/elsass/elsass49.krn
elsass19,WENN ICH NOCH LEDIG WAER,Unknown,folk,Unknown,French,folkKern/elsass/elsass19.krn
elsass37,IN LAUTERBACH HAB ICH MEIN STRUEMPFEL VERLOREN,Unknown,folk,Unknown,French,folkKern/elsass/elsass37.krn
elsass63,ISCH DAT NIT AEN ELAENDS LAEWE,Unknown,folk,Unknown,French,folkKern/elsass/elsass63.krn
elsass27,WO FEHLT ES DIR MEIN HERZ,Unknown,folk,Unknown,French,folkKern/elsass/elsass27.krn
elsass54,SO WILLST DU WIEDER EINSAM MICH VERLASSEN,Unknown,folk,Unknown,French,folkKern/elsass/elsass54.krn
elsass44,NUR LUSTIG IHR BRUEDER,Unknown,folk,Unknown,French,folkKern/elsass/elsass44.krn
elsass50,REDLICH IST DAS DEUTSCHE LEBEN,Unknown,folk,Unknown,French,folkKern/elsass/elsass50.krn
elsass51,WER BEKUEMMERT SICH,Unknown,folk,Unknown,French,folkKern/elsass/elsass51.krn
elsass32,AUF DEM BERGE WACHSEN REBEN,Unknown,folk,Unknown,French,folkKern/elsass/elsass32.krn
elsass77,DER LUNZI KUMMT,Unknown,folk,Unknown,French,folkKern/elsass/elsass77.krn
elsass04,ES WAR EINMAL EINE KOENIGIN,Unknown,folk,Unknown,French,folkKern/elsass/elsass04.krn
elsass05,ICH STEH AUF EINEM HOHEN BERG,Unknown,folk,Unknown,French,folkKern/elsass/elsass05.krn
elsass48,WAS WOLLEN DIE HAUSAREN ESSEN,Unknown,folk,Unknown,French,folkKern/elsass/elsass48.krn
elsass68,DER MEISCHTER SCHICKT DER JOCKELE,Unknown,folk,Unknown,French,folkKern/elsass/elsass68.krn
elsass84,JUENGST IN DEM VERFLOSSNEN JAHR,Unknown,folk,Unknown,French,folkKern/elsass/elsass84.krn
elsass59,DIE REISE NACH SUEDLAND,Unknown,folk,Unknown,French,folkKern/elsass/elsass59.krn
elsass71,NINA BUBBAEIAE SCHLOF,Unknown,folk,Unknown,French,folkKern/elsass/elsass71.krn
elsass55,O REGIMENT MEIN VATERLAND,Unknown,folk,Unknown,French,folkKern/elsass/elsass55.krn
elsass53,D REKRUTE SIN BRAVI SOLDATE,Unknown,folk,Unknown,French,folkKern/elsass/elsass53.krn
elsass12,HIER STEHEN WIR AUF UNSERN KRUECKEN,Unknown,folk,Unknown,French,folkKern/elsass/elsass12.krn
elsass57,LEBE WOHL ES NAHT DIE STUNDE,Unknown,folk,Unknown,French,folkKern/elsass/elsass57.krn
elsass40,SUF[ERK3RUT IM HAEFELE,Unknown,folk,Unknown,French,folkKern/elsass/elsass40.krn
elsass06,IN DES GARTENS DUNKLER LAUBE,Unknown,folk,Unknown,French,folkKern/elsass/elsass06.krn
elsass22,HERZIGS MARIANDEL,Unknown,folk,Unknown,French,folkKern/elsass/elsass22.krn
elsass89,AN EINEM FLUSS DER RAUSCHEND SCHOSS,Unknown,folk,Unknown,French,folkKern/elsass/elsass89.krn
elsass08,ES WOHNT EIN PFALZGRAF AN DEM RHEIN,Unknown,folk,Unknown,French,folkKern/elsass/elsass08.krn
elsass07,ES WAR EINMAL EIN MUELLERIN,Unknown,folk,Unknown,French,folkKern/elsass/elsass07.krn
elsass11,IN DER STADT HAGENAU GENANNT,Unknown,folk,Unknown,French,folkKern/elsass/elsass11.krn
elsass41,DREI LEDRIGE STRUEMPF,Unknown,folk,Unknown,French,folkKern/elsass/elsass41.krn
elsass45,DIE HEILGEN DREI KOENIG,Unknown,folk,Unknown,French,folkKern/elsass/elsass45.krn
elsass35,DER SCHEFFER VON NUWEN STAT,Unknown,folk,Unknown,French,folkKern/elsass/elsass35.krn
elsass14,KAISER DER NAPOLEON,Unknown,folk,Unknown,French,folkKern/elsass/elsass14.krn
elsass83,MIR IST HALT NIE SO WOHL ZU MUTH,Unknown,folk,Unknown,French,folkKern/elsass/elsass83.krn
elsass64,ES KAM EIN FREMDER SCHLEIFER,Unknown,folk,Unknown,French,folkKern/elsass/elsass64.krn
elsass69,SCHWAEFELHOLZE,Unknown,folk,Unknown,French,folkKern/elsass/elsass69.krn
elsass29,LEBEWOHL DU DIE ICH EWIG LIEBE,Unknown,folk,Unknown,French,folkKern/elsass/elsass29.krn
elsass60,ES GIENG EINMAL BEI MONDENSCHEIN,Unknown,folk,Unknown,French,folkKern/elsass/elsass60.krn
elsass26,ES DUNKELT IN DEM WALDE,Unknown,folk,Unknown,French,folkKern/elsass/elsass26.krn
elsass46,SALVAI GLORIAI,Unknown,folk,Unknown,French,folkKern/elsass/elsass46.krn
elsass67,JUNGFER LIESCHEN SCHLIEF DA DROBEN,Unknown,folk,Unknown,French,folkKern/elsass/elsass67.krn
elsass65,HANS IM SCHNOCKELOCH,Unknown,folk,Unknown,French,folkKern/elsass/elsass65.krn
elsass52,NICHT WEIT VON WUERTEMBERG,Unknown,folk,Unknown,French,folkKern/elsass/elsass52.krn
elsass79,UND VON BERGEN RINGS UMGEBEN,Unknown,folk,Unknown,French,folkKern/elsass/elsass79.krn
elsass56,MIT JAMMERVOLLEN BLICKEN,Unknown,folk,Unknown,French,folkKern/elsass/elsass56.krn
elsass17,SCHOENSTER SCHATZ AUF DIESER ERDE,Unknown,folk,Unknown,French,folkKern/elsass/elsass17.krn
elsass21,WER LIEBEN WILL MUSS LEIDEN,Unknown,folk,Unknown,French,folkKern/elsass/elsass21.krn
elsass38,SISCH NOCH NIT LANG,Unknown,folk,Unknown,French,folkKern/elsass/elsass38.krn
elsass16,DIE FRANZOSEN ZOGEN EIN,Unknown,folk,Unknown,French,folkKern/elsass/elsass16.krn
elsass78,WO EIN ALTAR STEHT DEN DER LENZ BEKRAENZT,Unknown,folk,Unknown,French,folkKern/elsass/elsass78.krn
elsass02,ES LIEGT EIN SCHLOESSCHEN IN OESTERREICH,Unknown,folk,Unknown,French,folkKern/elsass/elsass02.krn
elsass34,Z NACHT WENN DER MOND SCHEINT,Unknown,folk,Unknown,French,folkKern/elsass/elsass34.krn
elsass72,RITI RITI RESSLAE,Unknown,folk,Unknown,French,folkKern/elsass/elsass72.krn
elsass70,DIE GEDANKEN SIND FREEI,Unknown,folk,Unknown,French,folkKern/elsass/elsass70.krn
elsass18,ICH UND MEIN ALLERLIEBSTER HANS,Unknown,folk,Unknown,French,folkKern/elsass/elsass18.krn
elsass82,AUS DEINEN BLAUEN AUGEN STRAHLET LIEBE,Unknown,folk,Unknown,French,folkKern/elsass/elsass82.krn
elsass09,ES FUHR EIN FUHRKNECHT UEBERN RHEIN,Unknown,folk,Unknown,French,folkKern/elsass/elsass09.krn
elsass42,SECHS BUCKEL HEUT HAWE TANZT,Unknown,folk,Unknown,French,folkKern/elsass/elsass42.krn
elsass10,ES FUHR EIN FUHRKNECHT UEBERN RHEIN,Unknown,folk,Unknown,French,folkKern/elsass/elsass10.krn
elsass86,ZERDRUECK DIE THRAENE NICHT IN DEINEM AUGE,Unknown,folk,Unknown,French,folkKern/elsass/elsass86.krn
elsass47,VEILE ROSE BLIAEMELEIN,Unknown,folk,Unknown,French,folkKern/elsass/elsass47.krn
elsass28,STETS IN TRAUERN MUSS ICH LEBEN,Unknown,folk,Unknown,French,folkKern/elsass/elsass28.krn
elsass36,GANG MER NIT UEBER MIS MAETTELI,Unknown,folk,Unknown,French,folkKern/elsass/elsass36.krn
elsass24,MAEDCHEN HAST DU LUST ZU TRUTZEN,Unknown,folk,Unknown,French,folkKern/elsass/elsass24.krn
elsass33,TANZ LIEBCHEN TANZ,Unknown,folk,Unknown,French,folkKern/elsass/elsass33.krn
elsass39,GUGUK IM HAEFELE,Unknown,folk,Unknown,French,folkKern/elsass/elsass39.krn
elsass87,FERN IM SUED DAS SCHOENE SPANIEN,Unknown,folk,Unknown,French,folkKern/elsass/elsass87.krn
elsass88,EIN LAEMMLEIN TRANK VOM FRISCHEN,Unknown,folk,Unknown,French,folkKern/elsass/elsass88.krn
elsass15,GEDENK MIT HOCHGEFUEHL AN JENE,Unknown,folk,Unknown,French,folkKern/elsass/elsass15.krn
elsass62,SCHON WIEDER TOENT VOM SCHACHTE HER,Unknown,folk,Unknown,French,folkKern/elsass/elsass62.krn
elsass91,AM ROSENHUEGEL WAND ICH MICH EMPOR,Unknown,folk,Unknown,French,folkKern/elsass/elsass91.krn
elsass30,SCHATZ MEIN SCHATZ REIS NICHT SO WEIT,Unknown,folk,Unknown,French,folkKern/elsass/elsass30.krn
elsass81,GIB MIR DIE BLUMEN GIB MIR DEN KRANZ,Unknown,folk,Unknown,French,folkKern/elsass/elsass81.krn
elsass61,DORT WO DIE KLAREN BAECHLEIN RINNEN,Unknown,folk,Unknown,French,folkKern/elsass/elsass61.krn
elsass23,VOGEL FIKS UND VOGEL FAKS,Unknown,folk,Unknown,French,folkKern/elsass/elsass23.krn
elsass20,TRUTZ NIT SO,Unknown,folk,Unknown,French,folkKern/elsass/elsass20.krn
elsass01,GUETE MORGEN BUCKLIGE GRET,Unknown,folk,Unknown,French,folkKern/elsass/elsass01.krn
elsass73,RAEGE RAEGE TROPFE,Unknown,folk,Unknown,French,folkKern/elsass/elsass73.krn
elsass90,ICH KOMME VOM GEBIRGE HER,Unknown,folk,Unknown,French,folkKern/elsass/elsass90.krn
elsass13,HIER STEHEN WIRAUF UNSERN KRUECKEN,Unknown,folk,Unknown,French,folkKern/elsass/elsass13.krn
elsass74,KUMM KUMM BIBELE,Unknown,folk,Unknown,French,folkKern/elsass/elsass74.krn
elsass80,EIN HERZ DAS SICH MIT SORGEN QUAELT,Unknown,folk,Unknown,French,folkKern/elsass/elsass80.krn
elsass85,AN DER QUELLE SASS DER KNABE,Unknown,folk,Unknown,French,folkKern/elsass/elsass85.krn
elsass31,WIE DIE BLUEMLEIN DRAUSSEN ZITTERN,Unknown,folk,Unknown,French,folkKern/elsass/elsass31.krn
elsass43,S ISCH WAHR I WILL NIMMAEMEH LIAEGE,Unknown,folk,Unknown,French,folkKern/elsass/elsass43.krn
elsass75,MAIEKAEFER FRICO FRICO,Unknown,folk,Unknown,French,folkKern/elsass/elsass75.krn
elsass03,ES GIENG A MAIDL NACH HOLZ,Unknown,folk,Unknown,French,folkKern/elsass/elsass03.krn
elsass58,DIE REISE NACH SUEDLAND,Unknown,folk,Unknown,French,folkKern/elsass/elsass58.krn
elsass25,IST DENN LIEBEN EIN VERBRECHEN,Unknown,folk,Unknown,French,folkKern/elsass/elsass25.krn
elsass76,STORCH STORCH HEINI,Unknown,folk,Unknown,French,folkKern/elsass/elsass76.krn
lothr065,"Schlangenkoechin "" Wo bist du gewesen, meine Tochter Marjaeh ?""",Unknown,folk,Unknown,French,folkKern/lothring/lothr065.krn
lothr025,Gemalte Rosen Es ging ein Maedchen Wasser hol'n,Unknown,folk,Unknown,French,folkKern/lothring/lothr025.krn
lothr062,"St. Odilien Als Sankt Odilien geboren war,",Unknown,folk,Unknown,French,folkKern/lothring/lothr062.krn
lothr023,"Lazarus und der Prasser Der Lazarus leit auf dem Mist und schlief,",Unknown,folk,Unknown,French,folkKern/lothring/lothr023.krn
lothr047,"Die himmlischen Freuden Wir geniessen die himmlischen Freuden,",Unknown,folk,Unknown,French,folkKern/lothring/lothr047.krn
lothr027,"'s Geigenbuebele Als ich einmal kleins Buewele war,",Unknown,folk,Unknown,French,folkKern/lothring/lothr027.krn
lothr014,Der Nachtjaeger Es blaset ein Jager wohl in sein Horn,Unknown,folk,Unknown,French,folkKern/lothring/lothr014.krn
lothr003,"Liebesklage Es kommt die Zeit zum Offenbaren,",Unknown,folk,Unknown,French,folkKern/lothring/lothr003.krn
lothr029,Dreikoenigslied Nun macht euch auf ihr Koenige,Unknown,folk,Unknown,French,folkKern/lothring/lothr029.krn
lothr050,"Schloss in Oestreich In Oestreich stand ein altes Schloss,",Unknown,folk,Unknown,French,folkKern/lothring/lothr050.krn
lothr039,"Gottselige Strickerin Es war einmal eine gottselige Strickerin,",Unknown,folk,Unknown,French,folkKern/lothring/lothr039.krn
lothr001,"Der Vorwirt Es wollt ein Herr ausreiten,",Unknown,folk,Unknown,French,folkKern/lothring/lothr001.krn
lothr013,"Abgewiesene Freier ( Drei Gesellen ) Es war'n mal drei junge Gesellen,",Unknown,folk,Unknown,French,folkKern/lothring/lothr013.krn
lothr056,"Die wiedergefundene Schwester Es reisen ihrer Herren alle dreie,",Unknown,folk,Unknown,French,folkKern/lothring/lothr056.krn
lothr002,"Mach auf mein Schatz, mein goldne Pfort, hoer an mein Stimm, hoer an mein Wort!",Unknown,folk,Unknown,French,folkKern/lothring/lothr002.krn
lothr022,"Der Lindenschmied Es ist noch nit lang, als dieses geschah,",Unknown,folk,Unknown,French,folkKern/lothring/lothr022.krn
lothr008,Wenn Gott zwei Liebchen zusammen tut und sie beisammen schlafen laesst,Unknown,folk,Unknown,French,folkKern/lothring/lothr008.krn
lothr070,Wenn Gott zwei Liebchen zusammen tut und sie beisammen schlafen laesst,Unknown,folk,Unknown,French,folkKern/lothring/lothr070.krn
lothr015,"Der arme Bauer O, ich armer Lothringer Bur,",Unknown,folk,Unknown,French,folkKern/lothring/lothr015.krn
lothr068,Als Gott die Welt erschaffen hat und allerlei Getier,Unknown,folk,Unknown,French,folkKern/lothring/lothr068.krn
lothr017,Der himmlische Ackersmann Was wollen wir singen und fangen an?,Unknown,folk,Unknown,French,folkKern/lothring/lothr017.krn
lothr038,"Totenlied O Mensch, betracht die Welt!",Unknown,folk,Unknown,French,folkKern/lothring/lothr038.krn
lothr052,"Falkenlied Ich geseh mir zwei Falken fliegen,",Unknown,folk,Unknown,French,folkKern/lothring/lothr052.krn
lothr058,"Arme Seele Dort drunten, dort droben vor einiger Tuer,",Unknown,folk,Unknown,French,folkKern/lothring/lothr058.krn
lothr010,"Abgewiesener Knabe Ist das nicht der Morgenstern,",Unknown,folk,Unknown,French,folkKern/lothring/lothr010.krn
lothr036,"Der verkleidete Reiter Es war einmal ein Reiter,",Unknown,folk,Unknown,French,folkKern/lothring/lothr036.krn
lothr032,"Der verkleidete Markgrafensohn Es freit ein reicher Kaufmannssohn,",Unknown,folk,Unknown,French,folkKern/lothring/lothr032.krn
lothr051,Die irdische Pilgerfahrt Ich weiss ein schoen's Himmelreich,Unknown,folk,Unknown,French,folkKern/lothring/lothr051.krn
lothr018,"Petrus und Pilatus "" Wo gehn wir dann hin wandern ?"" sprach Petrus",Unknown,folk,Unknown,French,folkKern/lothring/lothr018.krn
lothr007,"Haescher des Herodes Jetzt kraehen die Hahne, jetzt wird's bald Tag",Unknown,folk,Unknown,French,folkKern/lothring/lothr007.krn
lothr035,"Es fliegen zwei Tauben wohl ueber den Rhein,: sie kommen den ganzen Sommer nicht heim.",Unknown,folk,Unknown,French,folkKern/lothring/lothr035.krn
lothr033,Sieben Straeuss Es wollt ein Maedchen zum Tanze gehn.,Unknown,folk,Unknown,French,folkKern/lothring/lothr033.krn
lothr040,"Entfuehrte Graserin Es wollt Gott's Graeserin grasene gehn,",Unknown,folk,Unknown,French,folkKern/lothring/lothr040.krn
lothr037,"Wiedersehn Wie schoen blueht sich es der gruene Wald,",Unknown,folk,Unknown,French,folkKern/lothring/lothr037.krn
lothr042,Wilmens Esel,Unknown,folk,Unknown,French,folkKern/lothring/lothr042.krn
lothr024,Der eifersuechtige Knabe Ich ging einmal spazieren,Unknown,folk,Unknown,French,folkKern/lothring/lothr024.krn
lothr012,"Ich seind so sehr betruebet, die Ursach weiss ich wohl",Unknown,folk,Unknown,French,folkKern/lothring/lothr012.krn
lothr060,"Schneider - Verschwoerung Es haben sich sieben und siebzig Schneider verschworen,",Unknown,folk,Unknown,French,folkKern/lothring/lothr060.krn
lothr055,"Drei Soldaten Es waren mal drei Soldaten,",Unknown,folk,Unknown,French,folkKern/lothring/lothr055.krn
lothr009,"Graf Friedrich Graf Friederich wollt ausreiten,",Unknown,folk,Unknown,French,folkKern/lothring/lothr009.krn
lothr053,"Ich stand mal auf hohem Berge, da geseh ich ins tiefe Tal",Unknown,folk,Unknown,French,folkKern/lothring/lothr053.krn
lothr031,"Es fliegen zwei Tauben wohl ueber den Rhein,: sie kommen den ganzen Sommer nicht heim.",Unknown,folk,Unknown,French,folkKern/lothring/lothr031.krn
lothr044,"Der lustige Nagelschmied Willkomm, willkomm, Nagelschmied,",Unknown,folk,Unknown,French,folkKern/lothring/lothr044.krn
lothr046,"Nun adje, Schatz, und ich muss fort, ich muss wohl in die Fremde ziehn",Unknown,folk,Unknown,French,folkKern/lothring/lothr046.krn
lothr016,Der Ring Mein Freund hat mir versprochen etwas,Unknown,folk,Unknown,French,folkKern/lothring/lothr016.krn
lothr043,"Der Essigkrug Wo ist der Mann aus diesem Haus,",Unknown,folk,Unknown,French,folkKern/lothring/lothr043.krn
lothr059,"Arme Seele Dort drunten, dort droben vor einiger Tuer,",Unknown,folk,Unknown,French,folkKern/lothring/lothr059.krn
lothr057,"Der arme Bauer O, ich armer Lothringer Bur,",Unknown,folk,Unknown,French,folkKern/lothring/lothr057.krn
lothr069,"Der Nachtjaeger Es blast ein Jager in seinem Horn,",Unknown,folk,Unknown,French,folkKern/lothring/lothr069.krn
lothr066,Das faule Gretchen,Unknown,folk,Unknown,French,folkKern/lothring/lothr066.krn
lothr063,"Als Sankt Justil blind geboren war,CNR[und ihr Vater ein Pfalzgraf war",Unknown,folk,Unknown,French,folkKern/lothring/lothr063.krn
lothr028,"Eleisonlied Maria, die ging spazieren - Kyrieeleison.",Unknown,folk,Unknown,French,folkKern/lothring/lothr028.krn
lothr045,"Gruene Reben auf hohen Bergen, Ei, da waechst der beste Wein",Unknown,folk,Unknown,French,folkKern/lothring/lothr045.krn
lothr019,"Petrus und Pilatus "" Wo gehn wir dann hin wandren ?"" sprach Petrus.",Unknown,folk,Unknown,French,folkKern/lothring/lothr019.krn
lothr026,"Die wiedergefundene Schwester Es reisen ihrer Herren alle dreie,",Unknown,folk,Unknown,French,folkKern/lothring/lothr026.krn
lothr064,"Schlangenkoechin "" Wo bist Du gewesen, meine Tochter Marjae ?""",Unknown,folk,Unknown,French,folkKern/lothring/lothr064.krn
lothr020,Hoert allesamt was ich ereklaer' Wo kommet denn der Ehstand her,Unknown,folk,Unknown,French,folkKern/lothring/lothr020.krn
lothr049,"Der eifersuechtige Knabe Es stehen drei Sterne am Himmel,",Unknown,folk,Unknown,French,folkKern/lothring/lothr049.krn
lothr005,"Nun adje, jetzt muss ich fort",Unknown,folk,Unknown,French,folkKern/lothring/lothr005.krn
lothr071,"Das Lied vom Zimmergesellen Es war einmal gut Zimmergesell,",Unknown,folk,Unknown,French,folkKern/lothring/lothr071.krn
lothr006,"Haescher des Herodes Jetzt kraehen die Hahne, jetzt wird es bald Tag,",Unknown,folk,Unknown,French,folkKern/lothring/lothr006.krn
lothr011,Jungknab auf Botschaft Es wollt ein Jungknab auf Botschaft gehn,Unknown,folk,Unknown,French,folkKern/lothring/lothr011.krn
lothr004,Gute Meinung Wenn ich morgens frueh aufstehe,Unknown,folk,Unknown,French,folkKern/lothring/lothr004.krn
lothr041,"Die Lumpenbauern Die Lumpenbauern wollen uns nichts mehr ins Kloster 'neinbringen,",Unknown,folk,Unknown,French,folkKern/lothring/lothr041.krn
lothr034,"Es fliegen zwei Tauben wohl ueber den Rhein, Sie kommen den ganzen Sommer nicht heim",Unknown,folk,Unknown,French,folkKern/lothring/lothr034.krn
lothr021,"Das vierte Gebot ( Der Teufel als Freier ) Nun hoeret an, ihr Elteren",Unknown,folk,Unknown,French,folkKern/lothring/lothr021.krn
lothr054,"Eleisonlied Maria, die ging spazieren - Kyrieeleison.",Unknown,folk,Unknown,French,folkKern/lothring/lothr054.krn
lothr067,"Sieben Straeuss Es wollt ein Maedelein frueh aufstehn,",Unknown,folk,Unknown,French,folkKern/lothring/lothr067.krn
lothr048,"Die heilige Katharina Der Koenig und der Kaiser,",Unknown,folk,Unknown,French,folkKern/lothring/lothr048.krn
lothr030,"Das Zauberross Es wollt' ein Maedchen frueh aufstehn,",Unknown,folk,Unknown,French,folkKern/lothring/lothr030.krn
lothr061,Der Wolf ( Der Abendgang ) Wer wohnt in jenem Tale ?,Unknown,folk,Unknown,French,folkKern/lothring/lothr061.krn
rossiya1,GOTT SEI DES KAISERS SCHUTZ,Unknown,folk,Unknown,Russian,folkKern/rossiya/rossiya1.krn
ussr27,"Das weinholende Maedchen Es hatt' ein Maedelein sein Kruegelein verlorn,",Unknown,folk,1956,Russian,folkKern/rossiya/ussr27.krn
ussr31,"Graserin und Reiter Es ging ein Knab spazieren,",Unknown,folk,1923,Russian,folkKern/rossiya/ussr31.krn
ussr05,"Ritter und Magd Es spielt's ein Graf mit seiner Dam',",Unknown,folk,Unknown,Russian,folkKern/rossiya/ussr05.krn
ussr03,"Ritter und Magd Es spielet ein Reiter mit seiner Madam,",Unknown,folk,Unknown,Russian,folkKern/rossiya/ussr03.krn
ussr19,Entfuehrung unterm Tanz ohne Text,Unknown,folk,1960,Russian,folkKern/rossiya/ussr19.krn
ussr16,"Die verkaufte Muellerin Es wollt ein Mueller spazierengehn,",Unknown,folk,Unknown,Russian,folkKern/rossiya/ussr16.krn
ussr07,"Jungfer Doertchen Es war ein Reiter hochgemut,",Unknown,folk,1923,Russian,folkKern/rossiya/ussr07.krn
ussr33,"Graf und Nonne (Die Nonne) Jungfraeulein bist du's zaertlich,",Unknown,folk,1927,Russian,folkKern/rossiya/ussr33.krn
ussr18,"Die verkaufte Muellerin Es war einmal ein Muellermann,",Unknown,folk,1930,Russian,folkKern/rossiya/ussr18.krn
ussr01,Die elfjaehrige Markgraefin Kyrillischer Text ......,Unknown,folk,Unknown,Russian,folkKern/rossiya/ussr01.krn
ussr30,"Der schwatzhafte Junggeselle Es waren drei Gesellen,",Unknown,folk,Unknown,Russian,folkKern/rossiya/ussr30.krn
ussr34,Graf und Nonne (Die Nonne) Ich stand auf hohem Berge,Unknown,folk,Unknown,Russian,folkKern/rossiya/ussr34.krn
ussr08,"Die dienende Schwester Es war ein Markgraf an dem Rhein,",Unknown,folk,Unknown,Russian,folkKern/rossiya/ussr08.krn
ussr14,Die Mordeltern Es waren mal zwei Bauernsoehn'.,Unknown,folk,Unknown,Russian,folkKern/rossiya/ussr14.krn
ussr23,"Die Rabenmutter Es wollt' ein Schaefer in' Wald austreib'm,",Unknown,folk,Unknown,Russian,folkKern/rossiya/ussr23.krn
ussr20,Tod der Geschwister ohne Text,Unknown,folk,Unknown,Russian,folkKern/rossiya/ussr20.krn
ussr21,"Richmudis von Adocht Es weidet ein Schaefer ihn Grinen hols,",Unknown,folk,Unknown,Russian,folkKern/rossiya/ussr21.krn
ussr11,"Die dienende Schwester Es war ein Markgraf ueberm Rhein,",Unknown,folk,Unknown,Russian,folkKern/rossiya/ussr11.krn
ussr17,"Die verkaufte Muellerin Es wollt ein Muellerlein frueh aufstehn,",Unknown,folk,Unknown,Russian,folkKern/rossiya/ussr17.krn
ussr35,"Graf und Nonne (Die Nonne) Du hast gesagt, du naehmest mich,",Unknown,folk,Unknown,Russian,folkKern/rossiya/ussr35.krn
ussr25,"Das hungernde Kind 'Vater, Vater, Brot will ich!",Unknown,folk,Unknown,Russian,folkKern/rossiya/ussr25.krn
ussr09,"Jungfer Doertchen Es ging's ein Jaegere wohlgemut,",Unknown,folk,Unknown,Russian,folkKern/rossiya/ussr09.krn
ussr24,"Das hungernde Kind 'Mamma, ich will Prot!'",Unknown,folk,1958,Russian,folkKern/rossiya/ussr24.krn
ussr26,Die Koenigstochter im Heeresdienst ohne Text,Unknown,folk,Unknown,Russian,folkKern/rossiya/ussr26.krn
ussr36,Graf und Nonne (Die Nonne) Stand ich auf hohen Felsen,Unknown,folk,1941,Russian,folkKern/rossiya/ussr36.krn
ussr22,Die Rabenmutter Es trieb ein Hirtlein in den Wald,Unknown,folk,Unknown,Russian,folkKern/rossiya/ussr22.krn
ussr15,"Die Mordeltern Es waren einmal zwei Bauernsoehn,",Unknown,folk,Unknown,Russian,folkKern/rossiya/ussr15.krn
ussr28,"Der Werber und der Jude Dort unden in dem Judenhaus,",Unknown,folk,1969,Russian,folkKern/rossiya/ussr28.krn
ussr12,"Die Mordeltern Es waren mal zwei Bauernsoehn,",Unknown,folk,1935,Russian,folkKern/rossiya/ussr12.krn
ussr04,"Die dienende Schwester Es war ein Markgraf uebern Rhein,",Unknown,folk,Unknown,Russian,folkKern/rossiya/ussr04.krn
ussr32,Verschlafener Jaeger Es wollte ein Jaeger frueh jagen,Unknown,folk,1927,Russian,folkKern/rossiya/ussr32.krn
ussr13,"Koenig von Mailand Es kehrt ein Fuerst beim Fuersten ein,",Unknown,folk,1928,Russian,folkKern/rossiya/ussr13.krn
ussr06,"Die dienende Schwester Es wohnt ein Markgraf an dem Rhein,",Unknown,folk,Unknown,Russian,folkKern/rossiya/ussr06.krn
ussr10,"Die dienende Schwester Es wohnt ein Markgraf ueber dem Rhein,",Unknown,folk,Unknown,Russian,folkKern/rossiya/ussr10.krn
ussr29,"Der schwatzhafte Junggeselle Es sassen der Bursche viere, viere",Unknown,folk,1937,Russian,folkKern/rossiya/ussr29.krn
ussr02,Ritter und Magd Es spielt' ein Graf mit seiner Magd,Unknown,folk,1926,Russian,folkKern/rossiya/ussr02.krn
polska21,"Graserin und Reiter Es ging ein Maegdlein grasen,",Unknown,folk,1934,Polish,folkKern/polska/polska21.krn
polska23,"Graserin und Reiter Podrcecer Maedelche,",Unknown,folk,1933,Polish,folkKern/polska/polska23.krn
polska12,"Die Mordeltern Es hatt' ein Gastwirt einen Sohn,",Unknown,folk,1936,Polish,folkKern/polska/polska12.krn
polska05,"Die dienende Schwester Es wohnt ein Pfalzgraf an dem Rhein,",Unknown,folk,Unknown,Polish,folkKern/polska/polska05.krn
polska18,"Vater und Tochter Es wollt ein Maedchen frueh aufstehn,",Unknown,folk,1940,Polish,folkKern/polska/polska18.krn
polska25,Graf und Nonne (Die Nonne) Ich stand auf hohem Berge,Unknown,folk,Unknown,Polish,folkKern/polska/polska25.krn
polska16,Das Maedchen und der Faehnrich Es war einmal ein Fleischersmann,Unknown,folk,1940,Polish,folkKern/polska/polska16.krn
polska22,"Graserin und Reiter Es wollt' ein Maedchen Gras schneiden,",Unknown,folk,Unknown,Polish,folkKern/polska/polska22.krn
polska07,"Die dienende Schwester Es war ein Markgraf an dem Rhein,",Unknown,folk,1924,Polish,folkKern/polska/polska07.krn
polska17,Nachtigall als Warnerin Es sass ein klein wild Voegelein,Unknown,folk,1941,Polish,folkKern/polska/polska17.krn
polska04,"Das Bauerntoechterlein Es hat ein Bauer ein Toechterlein,",Unknown,folk,1935,Polish,folkKern/polska/polska04.krn
polska02,"Die wiedergefundene Schwester (Suedeli - Ballade) U szenkarza na dole,",Unknown,folk,1887,Polish,folkKern/polska/polska02.krn
polska13,"Der grausame Bruder Es kam herein ohn allen spot, ohn allen spot,",Unknown,folk,Unknown,Polish,folkKern/polska/polska13.krn
polska24,Graf und Nonne (Die Nonne) Als ich auf hohen Berge stand,Unknown,folk,1940,Polish,folkKern/polska/polska24.krn
polska15,"Das hungernde Kind 'Ach Vater, Brot will ich!",Unknown,folk,1940,Polish,folkKern/polska/polska15.krn
polska01,"Die Rheinbraut Herminchen ging in' Garten,",Unknown,folk,1924,Polish,folkKern/polska/polska01.krn
polska11,"Die verkaufte Muellerin Es wollt ein Mueller frueh aufstehn,",Unknown,folk,Unknown,Polish,folkKern/polska/polska11.krn
polska06,"Die dienende Schwester Es wohnt ein Pfalzgraf wohl an dem Rhein,",Unknown,folk,1940,Polish,folkKern/polska/polska06.krn
polska03,"Das Bauerntoechterlein Es hat ein Bauer ein Toechterlein,",Unknown,folk,Unknown,Polish,folkKern/polska/polska03.krn
polska14,"Die Mordeltern Es waren mal zwei Bauernsoehn,",Unknown,folk,Unknown,Polish,folkKern/polska/polska14.krn
polska19,"Verlorene Schlafdecke Ein Leineweber ging spazieren aus,",Unknown,folk,1940,Polish,folkKern/polska/polska19.krn
polska08,"Die dienende Schwester Es wohnt' ein Markgraf noch am Rhein,",Unknown,folk,Unknown,Polish,folkKern/polska/polska08.krn
polska20,"Graserin und Reiter Es ging ein Maedchen gras schneiden,",Unknown,folk,1940,Polish,folkKern/polska/polska20.krn
polska10,"Die verkaufte Muellerin Es ging ein Mueller ins Wald spazieren,",Unknown,folk,1940,Polish,folkKern/polska/polska10.krn
polska09,"Die dienende Schwester Es wohnt ein Pfalzgraf wohl ueber'm Rhein,",Unknown,folk,1936,Polish,folkKern/polska/polska09.krn
france14,Die Unbestechliche Je ne m'en puis conforter,Unknown,folk,Unknown,French,folkKern/france/france14.krn
france07,Der Scheintod Sur le pont d'Avignon,Unknown,folk,1505,French,folkKern/france/france07.krn
france03,"Koenig und Marquise Lou Rey desumpey calkey dzour,",Unknown,folk,1904,French,folkKern/france/france03.krn
france05,Der betruegerische Freier Y a bien longtemps brunette,Unknown,folk,1906,French,folkKern/france/france05.krn
france08,Der Scheintod Sur le pont d'Avignon,Unknown,folk,1889,French,folkKern/france/france08.krn
france04,Der Maedchenmoerder (Halewijn - Ulinger) La passion de Jesus Christ,Unknown,folk,1906,French,folkKern/france/france04.krn
france01,Allons enfants de la patrie,Unknown,folk,Unknown,French,folkKern/france/france01.krn
france10,Rache im Zweikampf Derrier' chez nous il-y-a-t-un capitaine,Unknown,folk,1903,French,folkKern/france/france10.krn
france11,"Der heimkehrende Soldat Brave soldat venant de guerre, coucou,",Unknown,folk,1887,French,folkKern/france/france11.krn
france02,"Koenig und Marquise Hourah les fill' a quat' deniers,",Unknown,folk,1889,French,folkKern/france/france02.krn
france12,"Das hungernde Kind Ah! vous diraije, maman",Unknown,folk,Unknown,French,folkKern/france/france12.krn
france09,Rache im Zweikampf Dans mon pays il-y-a-t-un capitain',Unknown,folk,1884,French,folkKern/france/france09.krn
france13,Der schwatzhafte Junggeselle Sont trois jolis garcons; s'en vont a la prom'nade.,Unknown,folk,1910,French,folkKern/france/france13.krn
france06,Die elfjaehrige Markgraefin Il est venu le petit oysillon,Unknown,folk,1921,French,folkKern/france/france06.krn
italia01,ES GIENG EIN MAEDCHEN GRAS SCHNEIDEN,Unknown,folk,Unknown,Italian,folkKern/italia/italia01.krn
italia08,"Die Schlangenkoechin Dove si sta jersira,",Unknown,folk,1867,Italian,folkKern/italia/italia08.krn
italia03,Tod der Geschwister ohne Text,Unknown,folk,1957,Italian,folkKern/italia/italia03.krn
italia02,ES WAR EINMAL EIN JUNGER KNAB,Unknown,folk,Unknown,Italian,folkKern/italia/italia02.krn
italia04,ES GIENG EIN KNAB SPAZIEREN,Unknown,folk,Unknown,Italian,folkKern/italia/italia04.krn
italia05,Der heimkehrende Soldat ohne Text,Unknown,folk,1774,Italian,folkKern/italia/italia05.krn
italia06,Die Schlangenkoechin Dove foste j'er sera,Unknown,folk,1894,Italian,folkKern/italia/italia06.krn
italia07,LUSTIG IST DAS ZIGEUNERLEBEN,Unknown,folk,Unknown,Italian,folkKern/italia/italia07.krn
