id,title,common_name,genre,year,language,path,language,rhythmic_density,num_notes,total_duration,avg_ioi,stdev_ioi,nPVI,periodicity,lz_complexity,norm_lz_complexity
0,Just a Closer Walk with Thee,[Traditional],Rock,,English,dataset/[Traditional]/Just_a_Closer_Walk_with_Thee/Just_a_Closer_Walk_with_Thee.mxl,English,1.0520833333333333,202,192.0,0.704119850187266,0.8438485676420794,40.271657585090466,1.408239700374532,62,0.3069306930693069
12,When You Were Sweet Sixteen,James Thornton,"Folk, World, & Country",1899.0,English,dataset/James_Thornton/When_You_Were_Sweet_Sixteen/When_You_Were_Sweet_Sixteen.mxl,English,1.2808988764044944,57,44.5,0.5547945205479454,0.6968371656303683,34.50680272108843,1.0547945205479456,21,0.3684210526315789
59,About a Quarter to Nine,Al Dubin,Rock,1935.0,English,dataset/Al_Dubin-Harry_Warren/About_a_Quarter_to_Nine/About_a_Quarter_to_Nine.mxl,English,0.8846153846153846,92,104.0,0.7698412698412699,0.9121116126068981,39.75928833071689,1.4444444444444444,41,0.44565217391304346
69,We Wish You a Merry Christmas,[Traditional],Pop,,English,dataset/[Traditional]/We_Wish_You_a_Merry_Christmas/We_Wish_You_a_Merry_Christmas.mxl,English,1.1388888888888888,82,72.0,0.6481481481481481,0.48237097324559625,30.28806584362141,2.5925925925925926,31,0.3780487804878049
96,Zing! Went the Strings of My Heart,James Hanley,Rock,1934.0,English,dataset/James_Hanley/Zing!_Went_the_Strings_of_My_Heart/Zing!_Went_the_Strings_of_My_Heart.mxl,English,0.7407407407407407,80,108.0,0.7681159420289855,0.891098126255138,30.006027727546726,2.0652173913043477,33,0.4125
104,I Don't Know Why (I Just Do),Roy Turk,Pop,1931.0,English,dataset/Fred_E._Ahlert-Roy_Turk/I_Don't_Know_Why_(I_Just_Do)/I_Don't_Know_Why_(I_Just_Do).mxl,English,1.28,128,100.0,0.5581395348837209,0.6352924827743126,32.94838145231842,1.6133720930232558,48,0.375
112,Scotland the Brave,[Traditional],"Folk, World, & Country",,,dataset/[Traditional]/Scotland_the_Brave/Scotland_the_Brave.mxl,English,1.5375,123,80.0,0.5342465753424658,0.37314625950345853,12.677595628415297,1.0684931506849316,35,0.2845528455284553
127,The One I Love Belongs to Somebody Else,Gus Kahn,Pop,1923.0,English,dataset/Gus_Kahn-Isham_Jones/The_One_I_Love_Belongs_to_Somebody_Else/The_One_I_Love_Belongs_to_Somebody_Else.mxl,English,0.8257575757575758,109,132.0,0.8561643835616438,0.9739042035208478,40.21324354657685,2.3630136986301373,42,0.3853211009174312
157,America the Beautiful,Katharine Lee Bates,Rock,1894.0,English,dataset/Katharine_Lee_Bates/America_the_Beautiful/America_the_Beautiful.mxl,English,0.9384615384615385,61,65.0,0.5871559633027523,0.6089697899183882,12.809523809523814,1.1743119266055047,25,0.4098360655737705
170,Liza (All the Clouds'll Roll Away),Gus Kahn,Pop,1929.0,English,dataset/George_Gershwin-Gus_Kahn-Ira_Gershwin/Liza_(All_the_Clouds'll_Roll_Away)/Liza_(All_the_Clouds'll_Roll_Away).mxl,English,0.75,153,204.0,0.7490636704119851,0.948213905286295,34.786967418546325,1.4269662921348314,69,0.45098039215686275
183,Hold Me,Ira Schuster,Rock,1917.0,English,dataset/David_Oppenheim-Ira_Schuster-Jack_Little/Hold_Me/Hold_Me.mxl,English,0.625,125,200.0,1.1927710843373494,1.1798543030871569,33.910766652702144,3.469879518072289,50,0.4
186,Let Me Call You Sweetheart,Leo Friedman,Pop,1898.0,English,dataset/Beth_Slater_Whitson-Leo_Friedman/Let_Me_Call_You_Sweetheart/Let_Me_Call_You_Sweetheart.mxl,English,0.5,48,96.0,1.4090909090909092,1.1278468723603894,19.574468085106385,2.757575757575758,23,0.4791666666666667
201,Oh! Susanna,Stephen Foster,Pop,1845.0,English,dataset/Stephen_Foster/Oh!_Susanna/Oh!_Susanna.mxl,English,0.85,85,100.0,0.9393939393939394,0.6752206047017328,26.26984126984128,1.8585858585858586,27,0.3176470588235294
210,Pick Yourself Up,Jerome Kern,Pop,1936.0,English,dataset/Dorothy_Fields-Jerome_Kern/Pick_Yourself_Up/Pick_Yourself_Up.mxl,English,0.875,112,128.0,0.7948717948717948,0.8786495225989965,28.934648934648944,1.2884615384615385,45,0.4017857142857143
228,Summertime,George Gershwin,Rock,1935.0,English,dataset/DuBose_Heyward-George_Gershwin-Ira_Gershwin/Summertime/Summertime.mxl,English,0.7769230769230769,101,130.0,1.0756302521008403,0.9815639255989352,54.222222222222214,2.96218487394958,50,0.49504950495049505
249,Silver Threads Among the Gold,H.P. Danks,Pop,1903.0,English,dataset/Eben_E._Rexford-H.P._Danks/Silver_Threads_Among_the_Gold/Silver_Threads_Among_the_Gold.mxl,English,0.953125,122,128.0,0.7948717948717948,0.9144001026170152,29.52023183428142,1.5512820512820513,41,0.3360655737704918
282,Lullaby of the Leaves,Joe Young,Rock,1932.0,English,dataset/Bernice_Petkere-Joe_Young/Lullaby_of_the_Leaves/Lullaby_of_the_Leaves.mxl,English,1.0546875,135,128.0,0.6888888888888883,0.7462664271203103,31.4395554694062,1.9916666666666656,61,0.45185185185185184
289,We Three Kings,John Henry Hopkins Jr.,Rock,1855.0,English,dataset/John_Henry_Hopkins_Jr./We_Three_Kings/We_Three_Kings.mxl,English,0.6448412698412699,325,504.0,0.9277777777777778,0.913056865428534,13.806584362139903,1.8555555555555556,74,0.2276923076923077
290,Shenandoah,[Traditional],Pop,,English,dataset/[Traditional]/Shenandoah/Shenandoah.mxl,English,0.5679012345679012,46,81.0,1.203125,1.204544617013002,47.87301587301588,2.375,27,0.5869565217391305
291,On Top of Old Smoky,[Traditional],Rock,1925.0,English,dataset/[Traditional]/On_Top_of_Old_Smoky/On_Top_of_Old_Smoky.mxl,English,0.625,30,48.0,1.1794871794871795,1.0711076191900217,41.8390804597701,2.3076923076923075,17,0.5666666666666667
337,Love in Bloom,Ralph Rainger,Pop,1934.0,English,dataset/Leo_Robin-Ralph_Rainger/Love_in_Bloom/Love_in_Bloom.mxl,English,0.8382352941176471,114,136.0,0.8571428571428575,0.8601588353415194,31.297552005516597,2.4155844155844166,54,0.47368421052631576
339,I Only Have Eyes for You,Al Dubin,Rock,1934.0,English,dataset/Al_Dubin-Harry_Warren/I_Only_Have_Eyes_for_You/I_Only_Have_Eyes_for_You.mxl,English,0.7058823529411765,144,204.0,0.9615384615384615,0.9867527382629486,33.38200261277182,1.7884615384615374,53,0.3680555555555556
348,Indian Summer,Victor Herbert,Pop,1891.0,,dataset/Victor_Herbert/Indian_Summer/Indian_Summer.mxl,English,0.8984375,115,128.0,0.8794326241134742,1.0711685404971516,11.372370319738742,2.8557919621749384,42,0.3652173913043478
355,In the Bleak Midwinter,Christina Rossetti,Rock,1862.0,English,dataset/Christina_Rossetti/In_the_Bleak_Midwinter/In_the_Bleak_Midwinter.mxl,English,0.7205882352941176,49,68.0,0.8243243243243243,0.8598885551315153,33.15295815295815,1.6216216216216217,28,0.5714285714285714
431,I'll Be Seeing You,Irving Kahal,Pop,1938.0,English,dataset/Irving_Kahal-Sammy_Fain/I'll_Be_Seeing_You/I'll_Be_Seeing_You.mxl,No Lyrics,0.90625,116,128.0,0.8157894736842105,0.7493071592054653,28.43340234644582,2.4276315789473686,52,0.4482758620689655
437,The Holly and the Ivy,[Traditional],Pop,,English,dataset/[Traditional]/The_Holly_and_the_Ivy/The_Holly_and_the_Ivy.mxl,English,1.2244897959183674,60,49.0,0.5476190476190477,0.4977272609611158,34.576271186440685,1.0833333333333333,26,0.43333333333333335
459,Hobo's Meditation,Jimmie Rodgers,"Folk, World, & Country",1932.0,English,dataset/Jimmie_Rodgers/Hobo's_Meditation/Hobo's_Meditation.mxl,No Lyrics,0.7946428571428571,178,224.0,0.9954751131221713,1.0582480936251135,32.99043705823365,1.886877828054297,64,0.3595505617977528
468,Did I Remember,Walter Donaldson,Pop,1936.0,English,dataset/Harold_Adamson-Walter_Donaldson/Did_I_Remember/Did_I_Remember.mxl,English,0.78125,100,128.0,0.9130434782608697,0.8013719594753189,28.811928811928805,2.6739130434782616,40,0.4
487,I'm Falling in Love with Someone,Victor Herbert,Pop,1910.0,English,dataset/Rida_Johnson_Young-Victor_Herbert/I'm_Falling_in_Love_with_Someone/I'm_Falling_in_Love_with_Someone.mxl,English,0.6666666666666666,98,147.0,0.9726027397260274,0.9340969228952409,22.41531664212077,1.9383561643835616,39,0.3979591836734694
509,Lily of Laguna,Leslie Stuart,Pop,1895.0,English,dataset/Leslie_Stuart/Lily_of_Laguna/Lily_of_Laguna.mxl,English,1.0,64,64.0,0.6976744186046512,0.652718241892381,41.23960695389267,1.3255813953488371,33,0.515625
535,Beautiful Dreamer,Stephen Foster,"Folk, World, & Country",1845.0,English,dataset/Stephen_Foster/Beautiful_Dreamer/Beautiful_Dreamer.mxl,English,0.5648148148148148,61,108.0,1.4189189189189189,1.102904724472471,26.77777777777778,5.675675675675675,23,0.3770491803278688
541,Angels from the Realms of Glory,James Montgomery [1],Rock,1812.0,English,dataset/James_Montgomery_[1]/Angels_from_the_Realms_of_Glory/Angels_from_the_Realms_of_Glory.mxl,English,0.9583333333333334,92,96.0,0.8103448275862069,0.5400158539091667,20.952380952380953,2.4310344827586206,37,0.40217391304347827
549,Japanese Sandman,Richard A. Whiting,Pop,1920.0,English,dataset/Raymond_B._Egan-Richard_A._Whiting/Japanese_Sandman/Japanese_Sandman.mxl,English,1.2364864864864864,183,148.0,0.6682242990654206,0.5401796397013435,34.114774114774086,1.3224299065420562,56,0.30601092896174864
558,À la claire fontaine,[Traditional],Rock,,French,dataset/[Traditional]/À_la_claire_fontaine/À_la_claire_fontaine.mxl,French,1.7083333333333333,82,48.0,0.42342342342342343,0.32325901113530026,18.930041152263364,0.8468468468468469,30,0.36585365853658536
561,"Pack Up Your Troubles in Your Old Kit Bag and Smile, Smile, Smile!",Felix Powell,"Folk, World, & Country",1910.0,English,"dataset/Felix_Powell-George_Henry_Powell/Pack_Up_Your_Troubles_in_Your_Old_Kit_Bag_and_Smile,_Smile,_Smile!/Pack_Up_Your_Troubles_in_Your_Old_Kit_Bag_and_Smile,_Smile,_Smile!.mxl",English,0.890625,57,64.0,0.821917808219178,0.7954057421306276,48.860544217687085,1.5890410958904109,29,0.5087719298245614
587,By the Light of the Silvery Moon,Gus Edwards,Rock,1909.0,English,dataset/Edward_Madden-Gus_Edwards/By_the_Light_of_the_Silvery_Moon/By_the_Light_of_the_Silvery_Moon.mxl,English,0.7837837837837838,116,148.0,0.8103448275862069,1.0633426457371862,47.0724637681159,1.5862068965517242,45,0.3879310344827586
621,Anniversary Waltz,Al Dubin,Rock,1918.0,English,dataset/Al_Dubin-Dave_Franklin/Anniversary_Waltz/Anniversary_Waltz.mxl,English,0.7266666666666667,109,150.0,0.91875,0.8676251710848412,26.45502645502645,1.81875,50,0.45871559633027525
675,Scarborough Fair,[Traditional],"Folk, World, & Country",,English,dataset/[Traditional]/Scarborough_Fair/Scarborough_Fair.mxl,English,0.7171717171717171,71,99.0,0.9696969696969697,0.803459005064415,22.38095238095238,2.909090909090909,30,0.4225352112676056
695,Nobody Knows You When You're down and Out,Jimmie Cox,Rock,1903.0,English,dataset/Jimmie_Cox/Nobody_Knows_You_When_You're_down_and_Out/Nobody_Knows_You_When_You're_down_and_Out.mxl,English,1.338235294117647,182,136.0,0.5569620253164558,0.522278678722863,26.739215357999868,2.0562587904360057,71,0.3901098901098901
697,"Ma, He's Making Eyes at Me",Con Conrad,Pop,1921.0,English,"dataset/Con_Conrad-Sidney_Clare/Ma,_He's_Making_Eyes_at_Me/Ma,_He's_Making_Eyes_at_Me.mxl",English,0.6015625,77,128.0,1.24,1.1499565209172031,31.754385964912284,2.48,31,0.4025974025974026
726,Kiss Me Again,Victor Herbert,Pop,1905.0,English,dataset/Henry_Blossom-Victor_Herbert/Kiss_Me_Again/Kiss_Me_Again.mxl,English,0.6666666666666666,76,114.0,1.0673076923076923,1.0001386738167388,47.42857142857141,2.1346153846153846,33,0.4342105263157895
744,Chinatown My Chinatown,William Jerome,Pop,1914.0,English,dataset/Jean_Schwartz-William_Jerome/Chinatown_My_Chinatown/Chinatown_My_Chinatown.mxl,English,0.4453125,57,128.0,1.7222222222222223,1.2272623352430292,25.833333333333325,5.0,25,0.43859649122807015
750,Missouri Waltz,John V. Eppel,Rock,,English,dataset/Frederic_Knight_Logan-James_Royce_Shannon-John_V._Eppel/Missouri_Waltz/Missouri_Waltz.mxl,English,0.9479166666666666,91,96.0,0.8532110091743119,0.7760838892681323,13.07936507936508,1.7064220183486238,40,0.43956043956043955
767,Carioca,Vincent Youmans,Pop,1933.0,English,dataset/Edward_Eliscu-Gus_Kahn-Vincent_Youmans/Carioca/Carioca.mxl,English,0.946969696969697,125,132.0,0.8951048951048951,0.9402669366057387,31.409952055113337,2.486013986013986,49,0.392
771,Fascinating Rhythm,George Gershwin,Pop,1924.0,English,dataset/George_Gershwin-Ira_Gershwin/Fascinating_Rhythm/Fascinating_Rhythm.mxl,English,1.1875,152,128.0,0.5849056603773585,0.6728273844109237,28.769052875013116,1.0613207547169812,40,0.2631578947368421
773,Moonlight and Roses,Charles N. Daniels,Pop,1925.0,English,dataset/Ben_Black-Charles_N._Daniels/Moonlight_and_Roses/Moonlight_and_Roses.mxl,English,0.4453125,57,128.0,1.8235294117647058,1.2595654767861089,22.023809523809526,3.6176470588235294,28,0.49122807017543857
797,Hard Times Come Again No More,Stephen Foster,"Folk, World, & Country",1845.0,English,dataset/Stephen_Foster/Hard_Times_Come_Again_No_More/Hard_Times_Come_Again_No_More.mxl,English,1.2058823529411764,82,68.0,0.5922330097087378,0.531747315782974,39.45914168136392,1.674757281553398,38,0.4634146341463415
799,Till We Meet Again,Richard A. Whiting,Pop,1914.0,English,dataset/Raymond_B._Egan-Richard_A._Whiting/Till_We_Meet_Again/Till_We_Meet_Again.mxl,English,0.7218543046357616,109,151.0,1.064748201438849,0.9229966296385396,25.162964607409055,2.0863309352517985,52,0.47706422018348627
803,Jingle Bells,James Pierpont,Pop,1857.0,English,dataset/James_Pierpont/Jingle_Bells/Jingle_Bells.mxl,English,0.803030303030303,106,132.0,0.9770992366412213,0.730634450375667,24.154195011337865,1.8473282442748091,42,0.39622641509433965
806,My Wild Irish Rose,Chauncey Olcott,Pop,1899.0,English,dataset/Chauncey_Olcott/My_Wild_Irish_Rose/My_Wild_Irish_Rose.mxl,English,0.7711442786069652,155,201.0,0.9611650485436893,0.8322659453725948,36.06060606060601,3.6116504854368934,57,0.36774193548387096
820,"Nearer, My God, to Thee",Sarah Flower Adams,Rock,1826.0,English,"dataset/Eliza_Flower-Sarah_Flower_Adams/Nearer,_My_God,_to_Thee/Nearer,_My_God,_to_Thee.mxl",English,0.6875,44,64.0,0.8955223880597015,0.904125343942131,38.80398671096344,1.791044776119403,21,0.4772727272727273
834,My Buddy,Walter Donaldson,Pop,1922.0,English,dataset/Gus_Kahn-Walter_Donaldson/My_Buddy/My_Buddy.mxl,English,0.631578947368421,36,57.0,0.9,0.9073771725877467,25.14285714285714,1.7333333333333334,18,0.5
843,Peg O' My Heart,Fred Fisher,Pop,1908.0,English,dataset/Alfred_Bryan-Fred_Fisher/Peg_O'_My_Heart/Peg_O'_My_Heart.mxl,English,1.1323529411764706,77,68.0,0.6666666666666666,0.6360140634364063,36.725146198830416,1.2916666666666667,28,0.36363636363636365
851,The Prisoner's Song,[Traditional],Rock,1924.0,English,dataset/[Traditional]/The_Prisoner's_Song/The_Prisoner's_Song.mxl,English,0.6176470588235294,42,68.0,1.1481481481481481,0.9842727604383933,21.951219512195124,4.444444444444445,24,0.5714285714285714
862,Funiculì funiculà,Peppino Turco,Rock,1874.0,Italian,dataset/Luigi_Denza-Peppino_Turco/Funiculì_funiculà/Funiculì_funiculà.mxl,English,0.8950617283950617,145,162.0,0.8756906077348067,0.8618784530386742,35.178571428571395,2.9392265193370166,54,0.3724137931034483
900,I Want a Girl (Just Like the Girl That Married Dear Old Dad),Harry Von Tilzer,Pop,1911.0,English,dataset/Harry_Von_Tilzer-Will_Dillon/I_Want_a_Girl_(Just_Like_the_Girl_That_Married_Dear_Old_Dad)/I_Want_a_Girl_(Just_Like_the_Girl_That_Married_Dear_Old_Dad).mxl,English,1.2407407407407407,134,108.0,0.507177033492823,0.5256084851521402,30.72681704260649,0.9856459330143541,47,0.35074626865671643
908,Isle of Capri,Hugh Williams,Pop,1934.0,English,dataset/Hugh_Williams-Jimmy_Kennedy/Isle_of_Capri/Isle_of_Capri.mxl,English,1.1226415094339623,119,106.0,0.6891891891891891,0.666286110033571,23.37099811676083,2.527027027027027,47,0.3949579831932773
918,Sweet and Lovely,Charles N. Daniels,Pop,1931.0,English,dataset/Charles_N._Daniels-Gus_Arnheim-Harry_Tobias/Sweet_and_Lovely/Sweet_and_Lovely.mxl,English,0.9140625,117,128.0,0.779874213836478,1.0492453037532665,51.43919636820246,1.559748427672956,43,0.36752136752136755
973,I Got Rhythm,George Gershwin,Pop,1930.0,English,dataset/George_Gershwin-Ira_Gershwin/I_Got_Rhythm/I_Got_Rhythm.mxl,English,0.7103174603174603,179,252.0,0.8406779661016949,0.9306674557774749,42.01144673054788,1.5525423728813559,75,0.41899441340782123
978,Le temps des cerises,Antoine Renard,Rock,1848.0,French,dataset/Antoine_Renard/Le_temps_des_cerises/Le_temps_des_cerises.mxl,French,0.7849462365591398,73,93.0,1.0112359550561798,0.6949962738962746,21.29629629629629,1.9550561797752808,24,0.3287671232876712
1010,Sweet Hour of Prayer,William W. Walford,"Folk, World, & Country",,English,dataset/William_W._Walford/Sweet_Hour_of_Prayer/Sweet_Hour_of_Prayer.mxl,English,0.6764705882352942,69,102.0,0.9166666666666666,0.7949493345141213,7.9411764705882355,1.7962962962962963,21,0.30434782608695654
1041,You Call It Madness (But I Call It Love),Russ Columbo,Pop,1931.0,English,dataset/Con_Conrad-Gladys_du_Bois-Paul_Gregory-Russ_Columbo/You_Call_It_Madness_(But_I_Call_It_Love)/You_Call_It_Madness_(But_I_Call_It_Love).mxl,English,0.8529411764705882,116,136.0,0.806060606060606,0.8082676551659801,30.13488926532405,2.2454545454545456,55,0.47413793103448276
1055,Were You There When They Crucified My Lord,[Traditional],Rock,,English,dataset/[Traditional]/Were_You_There_When_They_Crucified_My_Lord/Were_You_There_When_They_Crucified_My_Lord.mxl,English,0.6493506493506493,200,308.0,0.9966996699669967,1.0514749967915449,32.294807370184216,2.99009900990099,72,0.36
1093,The Black Velvet Band,[Traditional],"Folk, World, & Country",,English,dataset/[Traditional]/The_Black_Velvet_Band/The_Black_Velvet_Band.mxl,English,0.7254901960784313,37,51.0,0.9583333333333334,0.7418539089485355,27.698412698412703,3.8333333333333335,20,0.5405405405405406
1100,La Marseillaise,Claude Joseph Rouget de Lisle,"Folk, World, & Country",1798.0,French,dataset/Claude_Joseph_Rouget_de_Lisle/La_Marseillaise/La_Marseillaise.mxl,French,0.9482758620689655,110,116.0,0.7803571428571429,0.8401040842949041,25.443425076452595,1.4107142857142858,58,0.5272727272727272
1110,Aloha Oe,Liliuokalani,"Folk, World, & Country",1904.0,English,dataset/Liliuokalani/Aloha_Oe/Aloha_Oe.mxl,English,0.5303030303030303,70,132.0,1.4705882352941178,1.1017444487946504,32.28433402346448,7.352941176470589,31,0.44285714285714284
1116,Life's Railway to Heaven,Charles D. Tillman,Pop,1921.0,English,dataset/Charles_D._Tillman-M.E._Abbey/Life's_Railway_to_Heaven/Life's_Railway_to_Heaven.mxl,English,0.9278350515463918,360,388.0,0.8839907192575406,0.803414314907812,14.781801299907128,4.419953596287703,82,0.22777777777777777
1126,"Satan, Your Kingdom Must Come Down",[Traditional],Rock,,English,"dataset/[Traditional]/Satan,_Your_Kingdom_Must_Come_Down/Satan,_Your_Kingdom_Must_Come_Down.mxl",English,0.625,40,64.0,1.276595744680851,1.098718679775154,40.85470085470085,3.829787234042553,21,0.525
1131,Are You Lonesome Tonight?,Roy Turk,Rock,1927.0,English,dataset/Lou_Handman-Roy_Turk/Are_You_Lonesome_Tonight?/Are_You_Lonesome_Tonight?.mxl,No Lyrics,0.9649122807017544,110,114.0,0.875,0.6584783595532961,32.81782437745738,3.5,46,0.41818181818181815
1152,The Song Is You,Jerome Kern,Pop,1932.0,English,dataset/Jerome_Kern-Oscar_Hammerstein_II/The_Song_Is_You/The_Song_Is_You.mxl,English,0.7172131147540983,175,244.0,1.0344827586206895,1.0319413226443153,33.2567049808429,1.9999999999999996,52,0.29714285714285715
1168,The Glory of Love,Billy Hill,Pop,1936.0,English,dataset/Billy_Hill/The_Glory_of_Love/The_Glory_of_Love.mxl,English,0.9571428571428572,134,140.0,0.7624309392265194,0.7003729487423522,23.417418003884176,1.2320441988950277,50,0.373134328358209
1178,Calon Lân,John Hughes [1],Pop,1893.0,Welsh,dataset/John_Hughes_[1]/Calon_Lân/Calon_Lân.mxl,English,1.2857142857142858,63,49.0,0.42201834862385323,0.4938814250897162,22.411674347158215,0.8440366972477065,33,0.5238095238095238
1185,Ave Maria,Charles Gounod,Pop,1855.0,,dataset/Charles_Gounod/Ave_Maria/Ave_Maria.mxl,Latin,0.8541666666666666,123,144.0,0.8805031446540881,0.9387016315820299,26.984126984126988,1.6666666666666667,56,0.45528455284552843
1208,What Child Is This?,William Chatterton Dix,Pop,1867.0,English,dataset/William_Chatterton_Dix/What_Child_Is_This?/What_Child_Is_This?.mxl,English,1.4782608695652173,85,57.5,0.5333333333333333,0.40980057093238403,12.766439909297052,1.0476190476190477,34,0.4
1218,"Bill Bailey, Won't You Please Come Home?",Hughie Cannon,Rock,1894.0,English,"dataset/Hughie_Cannon/Bill_Bailey,_Won't_You_Please_Come_Home?/Bill_Bailey,_Won't_You_Please_Come_Home?.mxl",English,0.5882352941176471,80,136.0,1.3333333333333333,1.1525115306507039,49.13803496081978,3.7272727272727275,37,0.4625
1254,School Days,Will Cobb,Rock,1907.0,English,dataset/Gus_Edwards-Will_Cobb/School_Days/School_Days.mxl,English,0.71875,138,192.0,1.0216216216216216,0.8835233933289676,28.029197080291947,2.0054054054054054,54,0.391304347826087
1293,By the Light of the Silvery Moon,Gus Edwards,Rock,1909.0,English,dataset/Edward_Madden-Gus_Edwards/By_the_Light_of_the_Silvery_Moon/By_the_Light_of_the_Silvery_Moon.mxl,English,0.7837837837837838,116,148.0,0.8103448275862069,1.0633426457371862,47.0724637681159,1.5862068965517242,45,0.3879310344827586
1295,Joy to the World,Lowell Mason,Rock,1832.0,English,dataset/Isaac_Watts-Lowell_Mason/Joy_to_the_World/Joy_to_the_World.mxl,English,1.5,57,38.0,0.4864864864864865,0.43474886330122764,31.258503401360542,0.972972972972973,32,0.5614035087719298
1310,"You Tell Me Your Dream, I'll Tell You Mine",Charles N. Daniels,Pop,1910.0,English,"dataset/Albert_H._Brown-Charles_N._Daniels-Seymour_Rice/You_Tell_Me_Your_Dream,_I'll_Tell_You_Mine/You_Tell_Me_Your_Dream,_I'll_Tell_You_Mine.mxl",English,0.5707070707070707,113,198.0,1.0714285714285714,1.0983789968504198,26.845238095238077,2.087912087912088,40,0.35398230088495575
1331,Blue Moon,Lorenz Hart,Rock,1934.0,English,dataset/Lorenz_Hart/Blue_Moon/Blue_Moon.mxl,English,1.024,128,125.0,0.6470588235294118,0.8503094194699118,27.631546056742906,1.772727272727273,43,0.3359375
1333,Auld Lang Syne,[Traditional],Pop,,English,dataset/Robert_Burns-[Traditional]/Auld_Lang_Syne/Auld_Lang_Syne.mxl,English,0.8682170542635659,112,129.0,0.8445945945945946,0.7043574591363766,11.256971256971257,2.5337837837837838,35,0.3125
1344,You're Driving Me Crazy (What Did I Do?),Walter Donaldson,Pop,1920.0,English,dataset/Walter_Donaldson/You're_Driving_Me_Crazy_(What_Did_I_Do?)/You're_Driving_Me_Crazy_(What_Did_I_Do?).mxl,English,0.585,117,200.0,1.180722891566265,1.1938050769556712,41.33825944170767,2.3012048192771086,50,0.42735042735042733
1346,"Bring a Torch, Jeanette, Isabella",Edward Cuthbert Nunn,Pop,1891.0,English,"dataset/Edward_Cuthbert_Nunn/Bring_a_Torch,_Jeanette,_Isabella/Bring_a_Torch,_Jeanette,_Isabella.mxl",English,0.8169014084507042,116,142.0,0.9788732394366197,0.6865745741750066,28.1407867494824,1.9014084507042253,45,0.3879310344827586
1353,M-O-T-H-E-R (A Word That Means the World to Me),Theodore Morse,Pop,1915.0,English,dataset/Howard_Johnson-Theodore_Morse/M-O-T-H-E-R_(A_Word_That_Means_the_World_to_Me)/M-O-T-H-E-R_(A_Word_That_Means_the_World_to_Me).mxl,English,0.6176470588235294,84,136.0,0.9635036496350365,1.1677463423448058,28.674698795180728,1.8102189781021898,27,0.32142857142857145
1369,I'll Get By (As Long as I Have You),Roy Turk,Pop,1928.0,English,dataset/Fred_E._Ahlert-Roy_Turk/I'll_Get_By_(As_Long_as_I_Have_You)/I'll_Get_By_(As_Long_as_I_Have_You).mxl,English,0.618421052631579,94,152.0,0.9736842105263158,1.0170522103228639,34.47283898896803,1.9144736842105263,42,0.44680851063829785
1385,Whispering Grass (Don't Tell the Trees),Fred Fisher,Pop,1940.0,English,dataset/Doris_Fisher-Fred_Fisher/Whispering_Grass_(Don't_Tell_the_Trees)/Whispering_Grass_(Don't_Tell_the_Trees).mxl,English,0.9695121951219512,159,164.0,0.7619047619047619,0.9146390686223397,48.16690378982186,1.4904761904761905,76,0.4779874213836478
1389,Shenandoah,[Traditional],Pop,,English,dataset/[Traditional]/Shenandoah/Shenandoah.mxl,English,0.5679012345679012,46,81.0,1.203125,1.204544617013002,47.87301587301588,2.375,27,0.5869565217391305
1433,"On the Banks of the Wabash, Far Away",Paul Dresser,Pop,1881.0,English,"dataset/Paul_Dresser/On_the_Banks_of_the_Wabash,_Far_Away/On_the_Banks_of_the_Wabash,_Far_Away.mxl",English,1.39,139,100.0,0.5555555555555556,0.5392339282442464,31.080787167743676,1.6140350877192982,53,0.381294964028777
1479,Thanks a Million,Gus Kahn,Pop,1913.0,English,dataset/Arthur_Johnston-Gus_Kahn/Thanks_a_Million/Thanks_a_Million.mxl,English,0.6470588235294118,88,136.0,1.1,1.0420332688227056,39.89053092501367,3.125,45,0.5113636363636364
1493,Winter Wonderland,Felix Bernard,Rock,1934.0,English,dataset/Dick_Smith-Felix_Bernard/Winter_Wonderland/Winter_Wonderland.mxl,English,1.0451127819548873,139,133.0,0.7962962962962963,0.8362090299907875,38.46100759144237,3.185185185185185,52,0.37410071942446044
1494,Nevertheless (I'm in Love with You),Bert Kalmar,Pop,1931.0,English,dataset/Bert_Kalmar-Harry_Ruby/Nevertheless_(I'm_in_Love_with_You)/Nevertheless_(I'm_in_Love_with_You).mxl,English,1.0703125,137,128.0,0.6888888888888889,0.8738572785128453,23.287866244522597,1.3277777777777777,51,0.3722627737226277
1517,In the Garden,Charles Austin Miles,"Folk, World, & Country",1916.0,English,dataset/Charles_Austin_Miles/In_the_Garden/In_the_Garden.mxl,English,0.845360824742268,246,291.0,0.9285714285714286,0.7460470969529899,33.59378036929061,1.8571428571428572,90,0.36585365853658536
1522,My Old Dutch,Albert Chevalier,Pop,1892.0,English,dataset/Albert_Chevalier-Charles_Ingle/My_Old_Dutch/My_Old_Dutch.mxl,English,1.3375,107,80.0,0.4935064935064935,0.49259784770969517,31.054207846660685,1.456168831168831,46,0.42990654205607476
1531,There Is a Tavern in the Town,[Traditional],Pop,,English,dataset/[Traditional]/There_Is_a_Tavern_in_the_Town/There_Is_a_Tavern_in_the_Town.mxl,English,1.5061728395061729,122,81.0,0.583941605839416,0.3987633395507719,22.7784336875246,1.751824817518248,39,0.319672131147541
1538,Mimi,Lorenz Hart,Pop,1919.0,English,dataset/Lorenz_Hart-Richard_Rodgers/Mimi/Mimi.mxl,English,1.2647058823529411,129,102.0,0.5755813953488372,0.5950006930837528,24.42708333333334,2.9825581395348837,45,0.3488372093023256
1563,Wedding Bells Are Breaking up That Old Gang of Mine,Willie Raskin,Rock,1929.0,English,dataset/Irving_Kahal-Sammy_Fain-Willie_Raskin/Wedding_Bells_Are_Breaking_up_That_Old_Gang_of_Mine/Wedding_Bells_Are_Breaking_up_That_Old_Gang_of_Mine.mxl,English,0.8484848484848485,112,132.0,0.9765625,0.6550863939922352,26.24624624624626,1.953125,42,0.375
1609,The Wild Colonial Boy,[Traditional],"Folk, World, & Country",,English,dataset/[Traditional]/The_Wild_Colonial_Boy/The_Wild_Colonial_Boy.mxl,English,1.2745098039215685,65,51.0,0.572289156626506,0.4225035119300959,19.374999999999996,1.716867469879518,27,0.4153846153846154
1624,"Cuddle Up a Little Closer, Lovey Mine",Karl Hoschna,Pop,1908.0,English,"dataset/Karl_Hoschna-Otto_Harbach/Cuddle_Up_a_Little_Closer,_Lovey_Mine/Cuddle_Up_a_Little_Closer,_Lovey_Mine.mxl",English,0.8484848484848485,112,132.0,0.8176100628930818,0.9014687240984391,45.94022594022588,1.5031446540880504,49,0.4375
1646,A Bird in a Gilded Cage,Harry Von Tilzer,Pop,1909.0,English,dataset/Arthur_Lamb-Harry_Von_Tilzer/A_Bird_in_a_Gilded_Cage/A_Bird_in_a_Gilded_Cage.mxl,English,0.7772020725388601,150,193.0,0.9693877551020408,0.8324304424291047,25.100671140939607,3.857142857142857,53,0.35333333333333333
1703,Santa Lucia,[Traditional],Pop,,Italian,dataset/[Traditional]/Santa_Lucia/Santa_Lucia.mxl,English,1.0208333333333333,98,96.0,0.8245614035087719,0.5959750088232639,38.63524791359843,5.771929824561403,41,0.41836734693877553
1733,My Blue Heaven,Walter Donaldson,Rock,1927.0,English,dataset/George_Whiting-Walter_Donaldson/My_Blue_Heaven/My_Blue_Heaven.mxl,English,0.7251908396946565,95,131.0,1.0483870967741935,1.0951125933398675,39.858156028368796,2.0483870967741935,38,0.4
1748,They Can't Take That Away from Me,George Gershwin,Pop,1937.0,English,dataset/George_Gershwin-Ira_Gershwin/They_Can't_Take_That_Away_from_Me/They_Can't_Take_That_Away_from_Me.mxl,English,0.9035087719298246,206,228.0,0.7151898734177216,0.9431919422352222,31.372340681711627,1.379746835443038,85,0.41262135922330095
1758,I'll See You in My Dreams,Gus Kahn,Pop,1924.0,English,dataset/Gus_Kahn-Isham_Jones/I'll_See_You_in_My_Dreams/I'll_See_You_in_My_Dreams.mxl,English,0.4318181818181818,57,132.0,1.6153846153846154,1.303159565084417,31.904761904761905,4.846153846153847,26,0.45614035087719296
1784,When Irish Eyes Are Smiling,Ernest Ball,Pop,1913.0,English,"dataset/Chauncey_Olcott-Ernest_Ball-George_Graff,_Jr./When_Irish_Eyes_Are_Smiling/When_Irish_Eyes_Are_Smiling.mxl",English,0.6504854368932039,67,103.0,1.098901098901099,0.9470015729815672,28.787878787878796,3.1318681318681323,29,0.43283582089552236
1799,Happy Birthday to You,Patty Hill,Rock,1907.0,English,dataset/Mildred_Hill-Patty_Hill/Happy_Birthday_to_You/Happy_Birthday_to_You.mxl,No Lyrics,0.5161290322580645,32,62.0,1.1538461538461537,0.9684367932318595,30.10752688172043,2.076923076923077,14,0.4375
1805,Coquette,Gus Kahn,Rock,1928.0,English,dataset/Carmen_Lombardo-Gus_Kahn-Johnny_Green/Coquette/Coquette.mxl,English,0.967741935483871,120,124.0,0.8243243243243246,0.8380012918152354,34.31767112439381,2.1587837837837838,48,0.4
1814,La golondrina,Narciso Serradell Sevilla,Pop,,,dataset/Narciso_Serradell_Sevilla/La_golondrina/La_golondrina.mxl,No Lyrics,1.5,150,100.0,0.5268361581920898,0.4865035032298542,25.11214363563354,1.572033898305083,62,0.41333333333333333
1822,Maria Elena,Lorenzo Barcelata Castro,Pop,1933.0,Spanish,dataset/Lorenzo_Barcelata_Castro/Maria_Elena/Maria_Elena.mxl,English,0.8529411764705882,116,136.0,0.9190140845070423,1.0254461824206398,24.721751678273428,1.8380281690140845,44,0.3793103448275862
1827,Wait Till the Sun Shines Nellie,Harry Von Tilzer,Rock,1905.0,English,dataset/Andrew_B._Sterling-Harry_Von_Tilzer/Wait_Till_the_Sun_Shines_Nellie/Wait_Till_the_Sun_Shines_Nellie.mxl,English,0.40625,52,128.0,1.6103896103896105,1.4607936301962456,37.53501400560225,3.116883116883117,29,0.5576923076923077
1872,By Strauss,George Gershwin,Pop,1936.0,English,dataset/George_Gershwin-Ira_Gershwin/By_Strauss/By_Strauss.mxl,English,0.8461538461538461,99,117.0,0.7793103448275862,0.8766626805164152,45.35471331389699,1.4068965517241379,43,0.43434343434343436
1895,Home Sweet Home,John Howard Payne [1],Pop,1821.0,English,dataset/Henry_Rowley_Bishop-John_Howard_Payne_[1]/Home_Sweet_Home/Home_Sweet_Home.mxl,English,0.5454545454545454,54,99.0,1.3571428571428572,1.0286706301368393,20.754716981132084,4.071428571428571,22,0.4074074074074074
1903,Breezin' Along with the Breeze,Richard A. Whiting,Pop,1926.0,English,dataset/Haven_Gillespie-Richard_A._Whiting-Seymour_Simons/Breezin'_Along_with_the_Breeze/Breezin'_Along_with_the_Breeze.mxl,English,0.6953125,89,128.0,1.008,1.1742810566470014,42.662337662337656,1.936,44,0.4943820224719101
1912,My Mammy,Walter Donaldson,Rock,1920.0,English,dataset/Joe_Young-Sam_Lewis-Walter_Donaldson/My_Mammy/My_Mammy.mxl,English,0.7954545454545454,175,220.0,0.8515625,1.0089625221452727,41.22058018609743,1.556640625,77,0.44
1941,Walkin' My Baby Back Home,Roy Turk,Pop,1930.0,English,dataset/Fred_E._Ahlert-Roy_Turk/Walkin'_My_Baby_Back_Home/Walkin'_My_Baby_Back_Home.mxl,English,1.196969696969697,158,132.0,0.6037735849056604,0.6871186116472568,31.34672233565964,1.1367924528301887,65,0.41139240506329117
1959,"Swing Low, Sweet Chariot",[Traditional],Rock,1909.0,English,"dataset/[Traditional]/Swing_Low,_Sweet_Chariot/Swing_Low,_Sweet_Chariot.mxl",English,1.0,104,104.0,0.7751937984496124,0.8648189314229817,56.45011375451121,1.5348837209302326,58,0.5576923076923077
1967,What Shall We Do with a Drunken Sailor?,[Traditional],Pop,,English,dataset/[Traditional]/What_Shall_We_Do_with_a_Drunken_Sailor?/What_Shall_We_Do_with_a_Drunken_Sailor?.mxl,English,1.96875,63,32.0,0.4305555555555556,0.2576005137637696,20.645161290322577,1.2916666666666667,26,0.4126984126984127
1979,That Certain Feeling,George Gershwin,Pop,1925.0,English,dataset/George_Gershwin-Ira_Gershwin/That_Certain_Feeling/That_Certain_Feeling.mxl,English,0.6989795918367347,137,196.0,0.9556650246305419,0.9313927947100554,34.64052287581698,2.697044334975369,51,0.3722627737226277
1984,Glad to Be Unhappy,Lorenz Hart,Rock,1936.0,English,dataset/Lorenz_Hart-Richard_Rodgers/Glad_to_Be_Unhappy/Glad_to_Be_Unhappy.mxl,English,0.8557692307692307,89,104.0,0.8360655737704918,0.98906443405699,42.64430014430012,2.237704918032787,42,0.47191011235955055
2056,My Old Kentucky Home - Good-Night!,Stephen Foster,Pop,1845.0,English,dataset/Stephen_Foster/My_Old_Kentucky_Home_-_Good-Night!/My_Old_Kentucky_Home_-_Good-Night!.mxl,English,1.0657894736842106,81,76.0,0.6571428571428571,0.6772292490599571,38.678571428571445,2.552380952380952,36,0.4444444444444444
2059,I'll Build a Stairway to Paradise,George Gershwin,Pop,1917.0,English,dataset/B.G._DeSylva-George_Gershwin-Ira_Gershwin/I'll_Build_a_Stairway_to_Paradise/I'll_Build_a_Stairway_to_Paradise.mxl,English,1.0441176470588236,71,68.0,0.6804123711340206,0.7301869800443829,44.56153370439085,1.2731958762886597,39,0.5492957746478874
2080,When You Wore a Tulip and I Wore a Big Red Rose,Jack Mahoney,Pop,1914.0,English,dataset/Jack_Mahoney-Percy_Wenrich/When_You_Wore_a_Tulip_and_I_Wore_a_Big_Red_Rose/When_You_Wore_a_Tulip_and_I_Wore_a_Big_Red_Rose.mxl,English,0.6212121212121212,82,132.0,1.2755102040816326,0.9665910247253233,21.56378600823045,3.7346938775510203,32,0.3902439024390244
2124,I'm Mandy Fly Me,Eric Stewart,Rock,,English,dataset/Eric_Stewart-Graham_Gouldman-Kevin_Godley/I'm_Mandy_Fly_Me/I'm_Mandy_Fly_Me.mxl,English,1.15,161,140.0,0.7393617021276596,0.811253047741235,34.674603174603135,2.723404255319149,56,0.34782608695652173
2137,Where the Blue of the Night Meets the Gold of the Day,Roy Turk,Pop,1931.0,English,dataset/Bing_Crosby-Fred_E._Ahlert-Roy_Turk/Where_the_Blue_of_the_Night_Meets_the_Gold_of_the_Day/Where_the_Blue_of_the_Night_Meets_the_Gold_of_the_Day.mxl,English,0.7272727272727273,72,99.0,0.9494949494949495,0.9197467522956148,23.00469483568075,3.797979797979798,35,0.4861111111111111
2154,My Wild Irish Rose,Chauncey Olcott,Pop,1899.0,English,dataset/Chauncey_Olcott/My_Wild_Irish_Rose/My_Wild_Irish_Rose.mxl,English,0.7711442786069652,155,201.0,0.9611650485436893,0.8322659453725948,36.06060606060601,3.6116504854368934,57,0.36774193548387096
2164,The Night Is Young and You're So Beautiful,Irving Kahal,Pop,1936.0,English,dataset/Billy_Rose-Dana_Suesse-Irving_Kahal/The_Night_Is_Young_and_You're_So_Beautiful/The_Night_Is_Young_and_You're_So_Beautiful.mxl,English,0.8378378378378378,124,148.0,0.8313609467455628,0.885820094898577,31.987362231264665,1.6449704142011847,53,0.4274193548387097
2196,Molly Malone,[Traditional],"Folk, World, & Country",,English,dataset/[Traditional]/Molly_Malone/Molly_Malone.mxl,English,0.9166666666666666,77,84.0,0.7745098039215687,0.61288233757207,26.215538847117806,3.0980392156862746,39,0.5064935064935064
2245,Old Folks at Home,Stephen Foster,Pop,1845.0,English,dataset/Stephen_Foster/Old_Folks_at_Home/Old_Folks_at_Home.mxl,English,0.4765625,61,128.0,1.55,1.3028814220795384,45.95238095238096,3.1,34,0.5573770491803278
2261,Fascination,Fermo Dante Marchetti,Pop,1908.0,,dataset/Fermo_Dante_Marchetti/Fascination/Fascination.mxl,English,0.9081632653061225,89,98.0,0.8189655172413793,0.831483281303239,42.33766233766232,1.6293103448275863,42,0.47191011235955055
2269,It Had to Be You,Gus Kahn,Pop,1924.0,English,dataset/Gus_Kahn-Isham_Jones/It_Had_to_Be_You/It_Had_to_Be_You.mxl,English,1.0392156862745099,212,204.0,0.6756756756756757,0.857921878068035,24.9209768641048,1.3310810810810811,70,0.330188679245283
2280,Are You Lonesome Tonight?,Roy Turk,Rock,1927.0,English,dataset/Lou_Handman-Roy_Turk/Are_You_Lonesome_Tonight?/Are_You_Lonesome_Tonight?.mxl,No Lyrics,0.9649122807017544,110,114.0,0.875,0.6584783595532961,32.81782437745738,3.5,46,0.41818181818181815
2294,Wait Till the Sun Shines Nellie,Harry Von Tilzer,Rock,1905.0,English,dataset/Andrew_B._Sterling-Harry_Von_Tilzer/Wait_Till_the_Sun_Shines_Nellie/Wait_Till_the_Sun_Shines_Nellie.mxl,English,0.40625,52,128.0,1.6103896103896105,1.4607936301962456,37.53501400560225,3.116883116883117,29,0.5576923076923077
2325,Alouette,[Traditional],Pop,1906.0,French,dataset/[Traditional]/Alouette/Alouette.mxl,French,1.25,65,52.0,0.6493506493506493,0.5644497094052137,26.351010101010093,1.2857142857142858,29,0.4461538461538462
2337,You Turned the Tables on Me,Sidney D. Mitchell,Pop,1936.0,English,dataset/Louis_Alter-Sidney_D._Mitchell/You_Turned_the_Tables_on_Me/You_Turned_the_Tables_on_Me.mxl,English,1.1893939393939394,157,132.0,0.624390243902439,0.7724779538427697,36.02752023804651,1.1829268292682926,65,0.4140127388535032
2372,Charmaine,Lew Pollack,Pop,1920.0,English,dataset/Erno_Rapee-Lew_Pollack/Charmaine/Charmaine.mxl,English,0.696969696969697,69,99.0,0.9690721649484536,0.8669606615104598,24.705882352941178,2.9072164948453607,29,0.42028985507246375
2417,"O Come, All Ye Faithful",Frederick Oakeley,Rock,1841.0,English,"dataset/Frederick_Oakeley/O_Come,_All_Ye_Faithful/O_Come,_All_Ye_Faithful.mxl",English,0.75,63,84.0,0.9642857142857143,0.8046949817200566,27.634408602150533,1.9047619047619047,28,0.4444444444444444
2432,Nevertheless (I'm in Love with You),Bert Kalmar,Pop,1931.0,English,dataset/Bert_Kalmar-Harry_Ruby/Nevertheless_(I'm_in_Love_with_You)/Nevertheless_(I'm_in_Love_with_You).mxl,English,1.0703125,137,128.0,0.6888888888888889,0.8738572785128453,23.287866244522597,1.3277777777777777,51,0.3722627737226277
2465,What Child Is This?,William Chatterton Dix,Pop,1867.0,English,dataset/William_Chatterton_Dix/What_Child_Is_This?/What_Child_Is_This?.mxl,English,1.4782608695652173,85,57.5,0.5333333333333333,0.40980057093238403,12.766439909297052,1.0476190476190477,34,0.4
2484,Honey,Richard A. Whiting,Rock,1914.0,English,dataset/Haven_Gillespie-Richard_A._Whiting-Seymour_Simons/Honey/Honey.mxl,English,0.7941176470588235,54,68.0,0.7710843373493976,0.9061410460280729,51.617209889305215,1.4939759036144578,29,0.5370370370370371
2515,I'm Old Fashioned,Jerome Kern,Pop,1942.0,English,dataset/Jerome_Kern-Johnny_Mercer/I'm_Old_Fashioned/I'm_Old_Fashioned.mxl,English,0.7083333333333334,102,144.0,0.8974358974358975,0.8561952747212304,27.015558698727023,2.6923076923076925,38,0.37254901960784315
2549,Nice Work if You Can Get It,George Gershwin,Pop,1937.0,English,dataset/George_Gershwin-Ira_Gershwin/Nice_Work_if_You_Can_Get_It/Nice_Work_if_You_Can_Get_It.mxl,English,0.8823529411764706,120,136.0,0.7252747252747253,0.8861895306496144,41.149855743606516,1.4038461538461542,64,0.5333333333333333
2554,September in the Rain,Al Dubin,Rock,1935.0,English,dataset/Al_Dubin-Harry_Warren/September_in_the_Rain/September_in_the_Rain.mxl,English,0.6172839506172839,50,81.0,0.9871794871794872,1.05300047171185,26.56948493683188,1.9487179487179487,26,0.52
2567,Daddy Wouldn't Buy Me a Bow-Wow,Joseph Tabrar,Pop,1894.0,English,dataset/Joseph_Tabrar/Daddy_Wouldn't_Buy_Me_a_Bow-Wow/Daddy_Wouldn't_Buy_Me_a_Bow-Wow.mxl,English,1.0,100,100.0,0.7804878048780488,0.7734053656442883,22.07150873817541,2.2682926829268295,33,0.33
2586,I'm Always Chasing Rainbows,Joseph McCarthy,Pop,1918.0,English,dataset/Harry_Carroll-Joseph_McCarthy/I'm_Always_Chasing_Rainbows/I'm_Always_Chasing_Rainbows.mxl,English,0.65625,84,128.0,1.008130081300813,1.2247178866081947,46.26506024096384,2.016260162601626,39,0.4642857142857143
2600,My Gal Sal,Paul Dresser,Pop,1905.0,English,dataset/Paul_Dresser/My_Gal_Sal/My_Gal_Sal.mxl,English,0.696969696969697,69,99.0,0.9946808510638298,0.9181812528240666,30.448179271708703,1.9893617021276595,33,0.4782608695652174
2647,Battle Hymn of the Republic,Julia Ward Howe,Pop,1864.0,English,dataset/Julia_Ward_Howe/Battle_Hymn_of_the_Republic/Battle_Hymn_of_the_Republic.mxl,English,1.2196969696969697,161,132.0,0.6840659340659341,0.6002920132295649,26.23809523809524,2.019230769230769,46,0.2857142857142857
2648,I'll Be Seeing You,Irving Kahal,Pop,1938.0,English,dataset/Irving_Kahal-Sammy_Fain/I'll_Be_Seeing_You/I'll_Be_Seeing_You.mxl,No Lyrics,0.90625,116,128.0,0.8157894736842105,0.7493071592054653,28.43340234644582,2.4276315789473686,52,0.4482758620689655
2654,"Jesu, Joy of Man's Desiring",[Traditional],Pop,,English,"dataset/[Traditional]/Jesu,_Joy_of_Man's_Desiring/Jesu,_Joy_of_Man's_Desiring.mxl",English,2.1502347417840375,458,213.0,0.33870967741935665,0.3795190574871755,13.627175158903823,0.676344086021509,68,0.14847161572052403
2665,Pie Jesu,[Traditional],Pop,,Latin,dataset/Andrew_Lloyd_Webber-[Traditional]/Pie_Jesu/Pie_Jesu.mxl,French,1.3863636363636365,183,132.0,0.5333333333333333,0.47700599809878885,23.001508295625932,0.95,60,0.32786885245901637
2715,Waltzing Matilda,Banjo Paterson,Pop,1902.0,English,dataset/Banjo_Paterson-Marie_Cowan/Waltzing_Matilda/Waltzing_Matilda.mxl,English,1.421875,91,64.0,0.5254237288135594,0.37871021985600567,19.259259259259252,1.0338983050847457,29,0.31868131868131866
2720,L'Internationale,Pierre De Geyter,Pop,1888.0,French,dataset/Eugène_Pottier-Pierre_De_Geyter/L'Internationale/L'Internationale.mxl,French,0.932806324110672,118,126.5,0.7455089820359282,0.7793523018496612,27.757427757427756,1.3832335329341316,52,0.4406779661016949
2724,Because,Guy d'Hardelot,Pop,,English,dataset/Edward_Teschemacher-Guy_d'Hardelot/Because/Because.mxl,English,1.0763888888888888,155,144.0,0.717948717948718,0.7933608468204035,25.714285714285705,2.0538461538461537,64,0.4129032258064516
2729,"Yes Sir, That's My Baby",Walter Donaldson,Pop,1925.0,English,"dataset/Gus_Kahn-Walter_Donaldson/Yes_Sir,_That's_My_Baby/Yes_Sir,_That's_My_Baby.mxl",English,0.5808823529411765,79,136.0,1.32,1.0851727973000436,45.98290598290599,3.81,32,0.4050632911392405
2762,Isn't It a Pity?,George Gershwin,Pop,1933.0,English,dataset/George_Gershwin-Ira_Gershwin/Isn't_It_a_Pity?/Isn't_It_a_Pity?.mxl,English,1.0408163265306123,204,196.0,0.6442953020134228,0.7749474298690872,28.52115648589591,1.192953020134228,85,0.4166666666666667
2769,Annie Laurie,Alicia Scott,Pop,1855.0,English,dataset/Alicia_Scott/Annie_Laurie/Annie_Laurie.mxl,English,0.90625,58,64.0,0.7894736842105263,0.7356663551839137,30.810359231411866,2.3684210526315788,32,0.5517241379310345
2787,The Sheik of Araby,Harry B. Smith,Pop,1898.0,English,dataset/Francis_Wheeler-Harry_B._Smith-Ted_Snyder/The_Sheik_of_Araby/The_Sheik_of_Araby.mxl,English,0.4318181818181818,57,132.0,1.4880952380952381,1.432979310812064,13.095238095238093,4.464285714285714,22,0.38596491228070173
2789,Were You There When They Crucified My Lord,[Traditional],Rock,,English,dataset/[Traditional]/Were_You_There_When_They_Crucified_My_Lord/Were_You_There_When_They_Crucified_My_Lord.mxl,English,0.6493506493506493,200,308.0,0.9966996699669967,1.0514749967915449,32.294807370184216,2.99009900990099,72,0.36
2791,Polly Wolly Doodle,[Traditional],Pop,1926.0,English,dataset/[Traditional]/Polly_Wolly_Doodle/Polly_Wolly_Doodle.mxl,English,1.1911764705882353,81,68.0,0.7176470588235294,0.6204697405691417,27.678571428571438,2.152941176470588,29,0.35802469135802467
2799,O Christmas Tree,[Traditional],Rock,,English,dataset/[Traditional]/O_Christmas_Tree/O_Christmas_Tree.mxl,English,1.2577319587628866,122,97.0,0.5974842767295597,0.4502898696772013,13.553719008264467,2.389937106918239,42,0.3442622950819672
2811,Just a Girl That Men Forget,Al Dubin,Pop,1918.0,English,dataset/Al_Dubin-Fred_Rath-Jos_Garren/Just_a_Girl_That_Men_Forget/Just_a_Girl_That_Men_Forget.mxl,English,0.8208955223880597,165,201.0,0.8065843621399177,0.8061223166400303,23.263646922183504,1.5884773662551441,61,0.3696969696969697
2815,I Remember You,Victor Schertzinger,Rock,1942.0,English,dataset/Johnny_Mercer-Victor_Schertzinger/I_Remember_You/I_Remember_You.mxl,English,0.618421052631579,94,152.0,0.9677419354838711,1.1105710330385032,35.88554814361265,1.8193548387096778,45,0.4787234042553192
2834,Blueberry Hill,Vincent Rose,Rock,1940.0,English,dataset/Al_Lewis-Larry_Stock-Vincent_Rose/Blueberry_Hill/Blueberry_Hill.mxl,English,0.7122302158273381,99,139.0,0.99264705882353,1.1715352977456115,45.9378036929057,2.9558823529411784,39,0.3939393939393939
2835,"Row, Row, Row",William Jerome,Pop,1912.0,English,"dataset/Jimmy_Monaco-William_Jerome/Row,_Row,_Row/Row,_Row,_Row.mxl",English,1.291044776119403,173,134.0,0.650990099009901,0.5248517092795392,27.037652270210387,1.188118811881188,54,0.31213872832369943
2836,Three O'Clock in the Morning,Julian Robledo,Pop,1921.0,English,dataset/Julian_Robledo-Theodora_Morse/Three_O'Clock_in_the_Morning/Three_O'Clock_in_the_Morning.mxl,English,0.6095238095238096,64,105.0,1.1904761904761905,0.9816918156232523,33.12169312169312,2.261904761904762,27,0.421875
2843,Charmaine,Lew Pollack,Pop,1920.0,English,dataset/Erno_Rapee-Lew_Pollack/Charmaine/Charmaine.mxl,English,0.696969696969697,69,99.0,0.9690721649484536,0.8669606615104598,24.705882352941178,2.9072164948453607,29,0.42028985507246375
2855,It Had to Be You,Gus Kahn,Pop,1924.0,English,dataset/Gus_Kahn-Isham_Jones/It_Had_to_Be_You/It_Had_to_Be_You.mxl,English,1.0392156862745099,212,204.0,0.6756756756756757,0.857921878068035,24.9209768641048,1.3310810810810811,70,0.330188679245283
2889,Who's Sorry Now?,Bert Kalmar,Rock,1915.0,English,dataset/Bert_Kalmar-Harry_Ruby-Ted_Snyder/Who's_Sorry_Now?/Who's_Sorry_Now?.mxl,English,0.5294117647058824,108,204.0,1.1796407185628743,1.244414535268496,31.1704494882065,2.155688622754491,41,0.37962962962962965
2912,Who's Sorry Now?,Bert Kalmar,Rock,1915.0,English,dataset/Bert_Kalmar-Harry_Ruby-Ted_Snyder/Who's_Sorry_Now?/Who's_Sorry_Now?.mxl,English,0.5294117647058824,108,204.0,1.1796407185628743,1.244414535268496,31.1704494882065,2.155688622754491,41,0.37962962962962965
2914,I Want a Girl (Just Like the Girl That Married Dear Old Dad),Harry Von Tilzer,Pop,1911.0,English,dataset/Harry_Von_Tilzer-Will_Dillon/I_Want_a_Girl_(Just_Like_the_Girl_That_Married_Dear_Old_Dad)/I_Want_a_Girl_(Just_Like_the_Girl_That_Married_Dear_Old_Dad).mxl,English,1.2407407407407407,134,108.0,0.507177033492823,0.5256084851521402,30.72681704260649,0.9856459330143541,47,0.35074626865671643
2941,Wexford Carol,[Traditional],Rock,,English,dataset/[Traditional]/Wexford_Carol/Wexford_Carol.mxl,English,1.5686274509803921,80,51.0,0.43457943925233644,0.4232391347509494,36.503918022905374,1.296728971962617,40,0.5
2946,Go Tell It on the Mountain,[Traditional],Rock,1941.0,English,dataset/[Traditional]/Go_Tell_It_on_the_Mountain/Go_Tell_It_on_the_Mountain.mxl,English,0.90625,58,64.0,0.8378378378378378,0.7028326283213971,42.22222222222222,2.5135135135135136,31,0.5344827586206896
2962,Minnie the Moocher,Clarence Gaskill,Pop,1931.0,English,dataset/Cab_Calloway-Clarence_Gaskill-Irving_Mills/Minnie_the_Moocher/Minnie_the_Moocher.mxl,English,1.0357142857142858,87,84.0,0.6470588235294118,0.5988537411275656,44.52934662236988,1.9411764705882355,41,0.47126436781609193
2972,Yellow Rose of Texas,[Traditional],"Folk, World, & Country",1927.0,English,dataset/Don_George-[Traditional]/Yellow_Rose_of_Texas/Yellow_Rose_of_Texas.mxl,English,0.8071428571428572,113,140.0,0.8926174496644296,0.8680839009130225,28.92857142857142,2.4563758389261747,41,0.36283185840707965
2987,I Got Rhythm,George Gershwin,Pop,1930.0,English,dataset/George_Gershwin-Ira_Gershwin/I_Got_Rhythm/I_Got_Rhythm.mxl,English,0.7103174603174603,179,252.0,0.8406779661016949,0.9306674557774749,42.01144673054788,1.5525423728813559,75,0.41899441340782123
2998,For He's a Jolly Good Fellow,[Traditional],Pop,,English,dataset/[Traditional]/For_He's_a_Jolly_Good_Fellow/For_He's_a_Jolly_Good_Fellow.mxl,English,1.371900826446281,83,60.5,0.5175438596491229,0.4476048566821563,28.40882694541232,2.0701754385964914,34,0.40963855421686746
3004,Coventry Carol,[Traditional],"Folk, World, & Country",,English,dataset/[Traditional]/Coventry_Carol/Coventry_Carol.mxl,English,0.625,30,48.0,0.8333333333333334,0.9378857231185627,24.137931034482758,1.6666666666666667,17,0.5666666666666667
3007,Dardanella,Johnny Black [1],Pop,1913.0,English,dataset/Felix_Bernard-Fred_Fisher-Johnny_Black_[1]/Dardanella/Dardanella.mxl,English,0.9035087719298246,206,228.0,0.8968253968253969,1.057586213574743,41.178616562442045,2.4791666666666665,91,0.441747572815534
3038,Have You Ever Been Lonely?,Billy Hill,Pop,1933.0,English,dataset/Billy_Hill-Peter_De_Rose/Have_You_Ever_Been_Lonely?/Have_You_Ever_Been_Lonely?.mxl,English,0.8571428571428571,120,140.0,0.8385093167701864,0.9351694377183148,40.28277977857809,1.6645962732919255,48,0.4
3042,Home Sweet Home,John Howard Payne [1],Pop,1821.0,English,dataset/Henry_Rowley_Bishop-John_Howard_Payne_[1]/Home_Sweet_Home/Home_Sweet_Home.mxl,English,0.5454545454545454,54,99.0,1.3571428571428572,1.0286706301368393,20.754716981132084,4.071428571428571,22,0.4074074074074074
3044,Melody of Love,Hans Engelmann,Pop,1893.0,,dataset/Hans_Engelmann/Melody_of_Love/Melody_of_Love.mxl,English,0.46875,90,192.0,1.512,1.2719496845394491,18.11663991439272,3.008,32,0.35555555555555557
3048,Mademoiselle from Armentières,[Traditional],Pop,,English,dataset/[Traditional]/Mademoiselle_from_Armentières/Mademoiselle_from_Armentières.mxl,English,1.1041666666666667,53,48.0,0.6818181818181818,0.5666646410594165,30.054945054945055,1.3181818181818181,27,0.5094339622641509
3050,Red Sails in the Sunset,Hugh Williams,Rock,1935.0,English,dataset/Hugh_Williams-Jimmy_Kennedy/Red_Sails_in_the_Sunset/Red_Sails_in_the_Sunset.mxl,English,0.703125,90,128.0,0.8671328671328666,1.191389634866195,35.352238273586586,1.2517482517482514,37,0.4111111111111111
3060,Somebody Loves Me,George Gershwin,Pop,1924.0,English,dataset/B.G._DeSylva-Ballard_MacDonald-George_Gershwin/Somebody_Loves_Me/Somebody_Loves_Me.mxl,English,0.5625,72,128.0,1.117117117117117,1.187310828848789,31.01274312541919,3.162162162162162,36,0.5
3062,It Came upon the Midnight Clear,Edmund Sears,Pop,1843.0,English,dataset/Edmund_Sears/It_Came_upon_the_Midnight_Clear/It_Came_upon_the_Midnight_Clear.mxl,English,1.3725490196078431,70,51.0,0.5108695652173914,0.3899432851011326,24.637681159420282,2.0434782608695654,26,0.37142857142857144
3065,Just a Closer Walk with Thee,[Traditional],Rock,,English,dataset/[Traditional]/Just_a_Closer_Walk_with_Thee/Just_a_Closer_Walk_with_Thee.mxl,English,1.0520833333333333,202,192.0,0.704119850187266,0.8438485676420794,40.271657585090466,1.408239700374532,62,0.3069306930693069
3096,You Stepped out of a Dream,Gus Kahn,Pop,1941.0,English,dataset/Gus_Kahn-Nacio_Herb_Brown/You_Stepped_out_of_a_Dream/You_Stepped_out_of_a_Dream.mxl,English,0.7258064516129032,90,124.0,1.0344827586206904,1.0443969371586703,39.60017510579307,2.0344827586206913,43,0.4777777777777778
3158,Core 'ngrato,Salvatore Cardillo,Pop,1911.0,Italian,dataset/Riccardo_Cordiferro-Salvatore_Cardillo/Core_'ngrato/Core_'ngrato.mxl,Unknown Language,1.4166666666666667,170,120.0,0.5849753694581279,0.6297757108901259,35.81666197050811,1.0738916256157633,77,0.45294117647058824
3168,The Parade of the Wooden Soldiers,Ballard MacDonald,Rock,1908.0,English,dataset/Ballard_MacDonald/The_Parade_of_the_Wooden_Soldiers/The_Parade_of_the_Wooden_Soldiers.mxl,English,1.0284090909090908,181,176.0,0.8047619047619048,0.5814400763262516,21.97354497354496,2.3142857142857145,61,0.3370165745856354
3188,Thinking of You,Bert Kalmar,Pop,1915.0,English,dataset/Bert_Kalmar-Harry_Ruby/Thinking_of_You/Thinking_of_You.mxl,English,0.6640625,85,128.0,0.9841269841269843,1.0763262544866468,28.650793650793634,3.841269841269842,38,0.4470588235294118
3206,"My Little Grass Shack in Kealakekua, Hawaii",Johnny Noble,Pop,1933.0,English,"dataset/Bill_Cogswell-Johnny_Noble-Tommy_Harrison/My_Little_Grass_Shack_in_Kealakekua,_Hawaii/My_Little_Grass_Shack_in_Kealakekua,_Hawaii.mxl",English,1.225609756097561,201,164.0,0.6402439024390242,0.6649976629516174,26.65163257794834,2.5609756097560967,78,0.3880597014925373
3236,He's Got the Whole World in His Hands,[Traditional],Pop,1929.0,English,dataset/[Traditional]/He's_Got_the_Whole_World_in_His_Hands/He's_Got_the_Whole_World_in_His_Hands.mxl,English,1.2348484848484849,163,132.0,0.7122905027932961,0.48688360770486283,37.366255144032934,1.3966480446927374,55,0.3374233128834356
3245,Hjärtats saga,Wilhelm Åström,Pop,,Swedish,dataset/Alfred_Hedenstierna-Wilhelm_Åström/Hjärtats_saga/Hjärtats_saga.mxl,Swedish,1.2893401015228427,127,98.5,0.5945121951219512,0.4671205318916024,25.87301587301589,1.146341463414634,43,0.33858267716535434
3289,Blue Moon,Lorenz Hart,Rock,1934.0,English,dataset/Lorenz_Hart/Blue_Moon/Blue_Moon.mxl,English,1.024,128,125.0,0.6470588235294118,0.8503094194699118,27.631546056742906,1.772727272727273,43,0.3359375
3324,"Still, Still, Still",[Traditional],Rock,,German,"dataset/[Traditional]/Still,_Still,_Still/Still,_Still,_Still.mxl",German,1.0208333333333333,98,96.0,0.7479674796747967,0.7053050534730514,26.804123711340225,2.959349593495935,38,0.3877551020408163
3332,I'll Be Seeing You,Irving Kahal,Pop,1938.0,English,dataset/Irving_Kahal-Sammy_Fain/I'll_Be_Seeing_You/I'll_Be_Seeing_You.mxl,No Lyrics,0.90625,116,128.0,0.8157894736842105,0.7493071592054653,28.43340234644582,2.4276315789473686,52,0.4482758620689655
3339,Let a Smile Be Your Umbrella,Irving Kahal,Pop,1922.0,English,dataset/Francis_Wheeler-Irving_Kahal-Sammy_Fain/Let_a_Smile_Be_Your_Umbrella/Let_a_Smile_Be_Your_Umbrella.mxl,English,0.5833333333333334,77,132.0,1.3956043956043955,0.982026620340611,25.614035087719305,2.7472527472527473,32,0.4155844155844156
3341,A Broken Doll,James W. Tate,Rock,1916.0,English,dataset/Clifford_Harris-James_W._Tate/A_Broken_Doll/A_Broken_Doll.mxl,English,0.6821705426356589,88,129.0,1.2135922330097086,0.9414973143612168,30.88122605363986,2.2718446601941746,32,0.36363636363636365
3345,Ballin' the Jack,Jim Burris,Rock,,English,dataset/Chris_Smith_[1]-Jim_Burris/Ballin'_the_Jack/Ballin'_the_Jack.mxl,English,1.453125,93,64.0,0.5535714285714286,0.37414869356708846,17.39130434782608,1.0714285714285714,32,0.34408602150537637
3350,My Melancholy Baby,George A. Norton,Rock,,English,dataset/Ernie_Burnett-George_A._Norton/My_Melancholy_Baby/My_Melancholy_Baby.mxl,English,1.2348484848484849,163,132.0,0.5589519650655022,0.5927294148805988,34.814814814814824,1.091703056768559,49,0.3006134969325153
3351,An Apple for the Teacher,Jimmy Monaco,Pop,1915.0,English,dataset/Jimmy_Monaco-Johnny_Burke/An_Apple_for_the_Teacher/An_Apple_for_the_Teacher.mxl,English,0.8106060606060606,107,132.0,0.9191176470588235,0.6839025887252153,13.584905660377354,2.514705882352941,26,0.24299065420560748
3375,Dancing with Tears in My Eyes,Al Dubin,Rock,1918.0,English,dataset/Al_Dubin-Joe_Burke/Dancing_with_Tears_in_My_Eyes/Dancing_with_Tears_in_My_Eyes.mxl,English,0.7575757575757576,75,99.0,0.9595959595959596,0.903631192301841,24.813384813384815,1.8383838383838385,33,0.44
3380,In a Little Spanish Town,Joe Young,Rock,1926.0,English,dataset/Joe_Young-Mabel_Wayne-Sam_Lewis/In_a_Little_Spanish_Town/In_a_Little_Spanish_Town.mxl,English,0.9895833333333334,95,96.0,0.8773584905660378,0.9028553258463076,27.689969604863226,3.3962264150943398,34,0.35789473684210527
3383,Snuggled on Your Shoulder (Cuddled in Your Arms),Joe Young,Pop,1932.0,English,dataset/Carmen_Lombardo-Joe_Young/Snuggled_on_Your_Shoulder_(Cuddled_in_Your_Arms)/Snuggled_on_Your_Shoulder_(Cuddled_in_Your_Arms).mxl,English,0.7109375,91,128.0,0.9841269841269841,0.9737354598553929,31.5028675028675,1.9126984126984128,44,0.4835164835164835
3395,What Child Is This?,William Chatterton Dix,Pop,1867.0,English,dataset/William_Chatterton_Dix/What_Child_Is_This?/What_Child_Is_This?.mxl,English,1.4782608695652173,85,57.5,0.5333333333333333,0.40980057093238403,12.766439909297052,1.0476190476190477,34,0.4
3402,Carolina in the Morning,Walter Donaldson,Pop,1922.0,English,dataset/Gus_Kahn-Walter_Donaldson/Carolina_in_the_Morning/Carolina_in_the_Morning.mxl,English,1.1742424242424243,155,132.0,0.6632124352331606,0.8351376923801035,32.73670204633975,1.2953367875647668,53,0.3419354838709677
3404,In the Chapel in the Moonlight,Billy Hill,Pop,1936.0,English,dataset/Billy_Hill/In_the_Chapel_in_the_Moonlight/In_the_Chapel_in_the_Moonlight.mxl,English,1.028735632183908,179,174.0,0.7456140350877193,0.8500402829337171,35.09541644373105,1.4649122807017543,68,0.37988826815642457
3418,Do It Again,George Gershwin,Pop,1922.0,English,dataset/B.G._DeSylva-George_Gershwin/Do_It_Again/Do_It_Again.mxl,English,0.8714285714285714,122,140.0,0.7906976744186046,0.9267193834036197,40.37102523400911,2.3372093023255816,42,0.3442622950819672
3429,'S Wonderful,George Gershwin,Pop,1917.0,English,dataset/George_Gershwin-Ira_Gershwin/'S_Wonderful/'S_Wonderful.mxl,English,0.515625,66,128.0,1.2783505154639174,1.239323626982332,42.15251415251417,2.484536082474227,31,0.4696969696969697
3455,The Quartermaster's Stores,[Traditional],Pop,,English,dataset/[Traditional]/The_Quartermaster's_Stores/The_Quartermaster's_Stores.mxl,English,0.8421052631578947,64,76.0,0.7931034482758621,0.6457274439166961,28.571428571428566,2.2413793103448274,30,0.46875
3457,Memories,Gus Kahn,Rock,1916.0,English,dataset/Egbert_Van_Alstyne-Gus_Kahn/Memories/Memories.mxl,English,1.2638888888888888,91,72.0,0.5300751879699248,0.5139387872631682,22.021164021164026,1.037593984962406,42,0.46153846153846156
3467,My Little Lady,Jimmie Rodgers,"Folk, World, & Country",1928.0,English,dataset/Elsie_McWilliams-Jimmie_Rodgers/My_Little_Lady/My_Little_Lady.mxl,English,1.4863813229571985,191,128.5,0.6095238095238096,0.5178448274397682,20.990658464342676,1.7714285714285714,52,0.27225130890052357
3475,It Had to Be You,Gus Kahn,Pop,1924.0,English,dataset/Gus_Kahn-Isham_Jones/It_Had_to_Be_You/It_Had_to_Be_You.mxl,English,1.0392156862745099,212,204.0,0.6756756756756757,0.857921878068035,24.9209768641048,1.3310810810810811,70,0.330188679245283
3500,Come Josephine in My Flying Machine (Up She Goes!),Fred Fisher,Pop,1910.0,English,dataset/Alfred_Bryan-Fred_Fisher/Come_Josephine_in_My_Flying_Machine_(Up_She_Goes!)/Come_Josephine_in_My_Flying_Machine_(Up_She_Goes!).mxl,English,0.6161616161616161,122,198.0,0.9948979591836735,0.9715202109065553,20.85005903187722,1.7448979591836735,39,0.319672131147541
3505,Please,Ralph Rainger,Pop,1932.0,English,dataset/Leo_Robin-Ralph_Rainger/Please/Please.mxl,English,0.8359375,107,128.0,0.8104575163398693,1.0533273391919795,42.611050378443316,2.3333333333333335,50,0.4672897196261682
3574,I'll Be with You in Apple Blossom Time,Neville Fleeson,Pop,1916.0,English,dataset/Albert_Von_Tilzer-Neville_Fleeson/I'll_Be_with_You_in_Apple_Blossom_Time/I'll_Be_with_You_in_Apple_Blossom_Time.mxl,English,0.7604166666666666,73,96.0,1.0568181818181819,0.8509079982510467,36.944444444444464,2.1136363636363638,34,0.4657534246575342
3608,My Melancholy Baby,George A. Norton,Rock,,English,dataset/Ernie_Burnett-George_A._Norton/My_Melancholy_Baby/My_Melancholy_Baby.mxl,English,1.2348484848484849,163,132.0,0.5589519650655022,0.5927294148805988,34.814814814814824,1.091703056768559,49,0.3006134969325153
3635,Knees Up Mother Brown!,Bert Lee,Rock,1913.0,English,dataset/Bert_Lee-Harris_Weston/Knees_Up_Mother_Brown!/Knees_Up_Mother_Brown!.mxl,English,0.8088235294117647,110,136.0,0.8791946308724832,0.7545188402151598,26.68705402650359,1.74496644295302,37,0.33636363636363636
3657,After the Ball,Charles K. Harris,Pop,1898.0,English,dataset/Charles_K._Harris/After_the_Ball/After_the_Ball.mxl,English,0.4756944444444444,137,288.0,1.532258064516129,1.2121837834258269,29.754901960784295,4.290322580645162,51,0.3722627737226277
3682,"Guter Mond, du gehst so stille",[Traditional],Pop,,German,"dataset/[Traditional]-[Unknown]/Guter_Mond,_du_gehst_so_stille/Guter_Mond,_du_gehst_so_stille.mxl",German,1.2,78,65.0,0.580952380952381,0.5941132228304215,16.45021645021645,1.0476190476190477,31,0.3974358974358974
3692,I'm Alone Because I Love You,Joe Young,Rock,1930.0,English,dataset/Ira_Schuster-Joe_Young/I'm_Alone_Because_I_Love_You/I'm_Alone_Because_I_Love_You.mxl,English,0.7272727272727273,72,99.0,0.8468468468468469,0.8430767141331099,33.1455399061033,1.6756756756756757,31,0.4305555555555556
3746,Alice Blue Gown,Joseph McCarthy,Rock,1914.0,English,dataset/Harry_Tierney-Joseph_McCarthy/Alice_Blue_Gown/Alice_Blue_Gown.mxl,English,0.8333333333333334,90,108.0,0.7984496124031008,0.7458395712656578,32.35955056179777,3.0697674418604652,35,0.3888888888888889
3753,Je crois entendre encore,Michel Carré,Rock,1863.0,French,dataset/Eugène_Cormon-Georges_Bizet-Michel_Carré/Je_crois_entendre_encore/Je_crois_entendre_encore.mxl,No Lyrics,0.5581395348837209,96,172.0,1.210144927536232,1.347046681301247,49.122807017543835,2.246376811594203,37,0.3854166666666667
3758,Soldiers in the Park,Lionel Monckton,Pop,1892.0,English,dataset/Aubrey_Hopwood-Lionel_Monckton/Soldiers_in_the_Park/Soldiers_in_the_Park.mxl,English,0.9375,60,64.0,0.8571428571428571,1.039034088341039,24.191552327145544,1.7142857142857142,26,0.43333333333333335
3780,Auld Lang Syne,[Traditional],Pop,,English,dataset/Robert_Burns-[Traditional]/Auld_Lang_Syne/Auld_Lang_Syne.mxl,English,0.8682170542635659,112,129.0,0.8445945945945946,0.7043574591363766,11.256971256971257,2.5337837837837838,35,0.3125
3804,I Belong to Glasgow,Will Fyffe,"Folk, World, & Country",1905.0,English,dataset/Will_Fyffe/I_Belong_to_Glasgow/I_Belong_to_Glasgow.mxl,English,0.7473684210526316,142,190.0,1.0,0.8126670951174478,20.189125295508283,2.8877005347593583,46,0.323943661971831
3818,La paloma,Sebastián Yradier,Pop,1837.0,Spanish,dataset/Sebastián_Yradier/La_paloma/La_paloma.mxl,No Lyrics,0.8194444444444444,118,144.0,1.0703125,1.0892485493879485,34.879934879934886,3.09375,51,0.4322033898305085
3828,Dearly Beloved,Jerome Kern,Pop,1942.0,English,dataset/Jerome_Kern-Johnny_Mercer/Dearly_Beloved/Dearly_Beloved.mxl,English,0.5514705882352942,75,136.0,1.1478260869565218,1.2193617593598036,42.43243243243242,3.3130434782608695,36,0.48
3941,"Bewitched, Bothered and Bewildered",Lorenz Hart,Pop,1940.0,English,"dataset/Lorenz_Hart-Richard_Rodgers/Bewitched,_Bothered_and_Bewildered/Bewitched,_Bothered_and_Bewildered.mxl",English,0.8321167883211679,114,137.0,0.8260869565217391,0.9688644655920714,35.30832982160414,1.6149068322981366,49,0.4298245614035088
3951,The Lady Is a Tramp,Lorenz Hart,Pop,1937.0,English,dataset/Lorenz_Hart-Richard_Rodgers/The_Lady_Is_a_Tramp/The_Lady_Is_a_Tramp.mxl,English,0.7142857142857143,215,301.0,0.99,0.9556324258486281,29.427384661029485,1.8433333333333333,66,0.30697674418604654
3966,I'm Sitting on Top of the World,Joe Young,Pop,1925.0,English,dataset/Joe_Young-Ray_Henderson-Sam_Lewis/I'm_Sitting_on_Top_of_the_World/I'm_Sitting_on_Top_of_the_World.mxl,English,0.7045454545454546,93,132.0,1.0775862068965518,1.085967406548471,41.445824706694246,1.9913793103448276,41,0.44086021505376344
3970,Frankie and Johnny,[Traditional],Rock,1916.0,English,dataset/[Traditional]/Frankie_and_Johnny/Frankie_and_Johnny.mxl,English,0.9791666666666666,94,96.0,0.71875,0.8214649642559322,40.15702338282983,1.86328125,37,0.39361702127659576
3990,I've Told Ev'ry Little Star,Jerome Kern,Pop,1932.0,English,dataset/Jerome_Kern-Oscar_Hammerstein_II/I've_Told_Ev'ry_Little_Star/I've_Told_Ev'ry_Little_Star.mxl,English,0.671875,86,128.0,1.008130081300813,1.0591907860674767,42.039215686274495,1.967479674796748,45,0.5232558139534884
3993,"Good Christian Men, Rejoice",John Mason Neale,"Folk, World, & Country",1842.0,English,"dataset/John_Mason_Neale/Good_Christian_Men,_Rejoice/Good_Christian_Men,_Rejoice.mxl",English,0.5686274509803921,58,102.0,1.1022727272727273,0.9890281355414327,5.2631578947368425,2.1363636363636362,19,0.3275862068965517
4013,Dream a Little Dream of Me,Gus Kahn,Rock,1931.0,English,dataset/Fabian_Andre-Gus_Kahn-Wilbur_Schwandt/Dream_a_Little_Dream_of_Me/Dream_a_Little_Dream_of_Me.mxl,English,0.984375,126,128.0,0.6739130434782613,0.7557800795670968,42.552380952380915,1.3260869565217401,49,0.3888888888888889
4025,The Boulevard of Broken Dreams,Al Dubin,Pop,1934.0,English,dataset/Al_Dubin-Harry_Warren/The_Boulevard_of_Broken_Dreams/The_Boulevard_of_Broken_Dreams.mxl,English,1.25,140,112.0,0.6242774566473984,0.8593070919737944,32.63217997030945,1.2369942196531785,51,0.36428571428571427
4034,Louise,Richard A. Whiting,Rock,1929.0,English,dataset/Leo_Robin-Richard_A._Whiting/Louise/Louise.mxl,English,1.09375,140,128.0,0.6391752577319587,0.6725174586368186,27.45772213398113,1.2577319587628866,54,0.38571428571428573
4068,Jeanie with the Light Brown Hair,Stephen Foster,Pop,1922.0,English,dataset/Stephen_Foster/Jeanie_with_the_Light_Brown_Hair/Jeanie_with_the_Light_Brown_Hair.mxl,English,0.6785714285714286,95,140.0,1.0,0.9619631668251951,27.04154002026342,2.955223880597015,42,0.4421052631578947
4071,On a Little Street in Singapore,Billy Hill,Pop,1939.0,English,dataset/Billy_Hill-Peter_De_Rose/On_a_Little_Street_in_Singapore/On_a_Little_Street_in_Singapore.mxl,English,0.7428571428571429,104,140.0,0.8292682926829268,1.1920796685411248,39.893245912663374,1.6097560975609757,44,0.4230769230769231
4073,Danny Boy,Frederic Weatherly,Rock,1917.0,English,dataset/Frederic_Weatherly/Danny_Boy/Danny_Boy.mxl,English,0.7045454545454546,93,132.0,1.0495867768595042,0.8800003725527157,22.81573498964804,3.0,31,0.3333333333333333
4094,America the Beautiful,Katharine Lee Bates,Rock,1894.0,English,dataset/Katharine_Lee_Bates/America_the_Beautiful/America_the_Beautiful.mxl,English,0.9384615384615385,61,65.0,0.5871559633027523,0.6089697899183882,12.809523809523814,1.1743119266055047,25,0.4098360655737705
4126,Blue Moon,Lorenz Hart,Rock,1934.0,English,dataset/Lorenz_Hart/Blue_Moon/Blue_Moon.mxl,English,1.024,128,125.0,0.6470588235294118,0.8503094194699118,27.631546056742906,1.772727272727273,43,0.3359375
4130,How Long Has This Been Going On?,George Gershwin,Rock,1928.0,English,dataset/George_Gershwin-Ira_Gershwin/How_Long_Has_This_Been_Going_On?/How_Long_Has_This_Been_Going_On?.mxl,English,1.0096153846153846,105,104.0,0.6451612903225806,0.7426364150465384,37.10012210012209,1.8967741935483868,44,0.41904761904761906
4193,I Got Plenty o' Nuttin',George Gershwin,Rock,1935.0,English,dataset/DuBose_Heyward-George_Gershwin-Ira_Gershwin/I_Got_Plenty_o'_Nuttin'/I_Got_Plenty_o'_Nuttin'.mxl,English,0.7925531914893617,149,188.0,0.8177777777777778,0.9580742000698631,32.6091026091026,1.82,62,0.4161073825503356
4198,The Little Brown Jug,Joseph Eastburn Winner,Rock,,English,dataset/Joseph_Eastburn_Winner/The_Little_Brown_Jug/The_Little_Brown_Jug.mxl,English,0.8939393939393939,118,132.0,0.8881118881118881,0.5496966118718832,17.663817663817667,1.7762237762237763,37,0.3135593220338983
4202,If You Were the Only Girl (In the World),Clifford Grey,Rock,1916.0,English,dataset/Clifford_Grey-Nat_Ayer/If_You_Were_the_Only_Girl_(In_the_World)/If_You_Were_the_Only_Girl_(In_the_World).mxl,English,0.8264462809917356,100,121.0,0.9218749999999998,0.8541507874540265,30.995670995671027,1.8437499999999996,47,0.47
4226,Long Ago and Far Away,Jerome Kern,Pop,1944.0,English,dataset/Ira_Gershwin-Jerome_Kern/Long_Ago_and_Far_Away/Long_Ago_and_Far_Away.mxl,English,0.6451612903225806,80,124.0,0.924812030075188,1.0195388914276255,37.749648382559776,1.8270676691729324,34,0.425
4241,I Won't Dance,Jerome Kern,Pop,1915.0,English,dataset/Jerome_Kern-Oscar_Hammerstein_II-Otto_Harbach/I_Won't_Dance/I_Won't_Dance.mxl,English,0.7456896551724138,173,232.0,0.9011857707509882,0.8482244749803154,23.62327594885734,1.6245059288537549,56,0.3236994219653179
4257,June in January,Ralph Rainger,Pop,1934.0,English,dataset/Leo_Robin-Ralph_Rainger/June_in_January/June_in_January.mxl,English,0.7,98,140.0,0.9637681159420292,0.9686592678272679,32.25860050602317,1.6956521739130437,50,0.5102040816326531
4277,Carry Me Back to Old Virginny,James A. Bland,Pop,1882.0,English,dataset/James_A._Bland/Carry_Me_Back_to_Old_Virginny/Carry_Me_Back_to_Old_Virginny.mxl,English,1.390625,89,64.0,0.543859649122807,0.45912485167374484,33.18181818181818,1.618421052631579,41,0.4606741573033708
4285,Loch Lomond,[Traditional],Pop,1899.0,English,dataset/[Traditional]/Loch_Lomond/Loch_Lomond.mxl,English,1.2941176470588236,88,68.0,0.5779816513761468,0.4345952030211749,18.54406130268199,1.1559633027522935,31,0.3522727272727273
4298,Summertime,George Gershwin,Rock,1935.0,English,dataset/DuBose_Heyward-George_Gershwin-Ira_Gershwin/Summertime/Summertime.mxl,English,0.7769230769230769,101,130.0,1.0756302521008403,0.9815639255989352,54.222222222222214,2.96218487394958,50,0.49504950495049505
4301,Who Cares,George Gershwin,Pop,1931.0,English,dataset/George_Gershwin-Ira_Gershwin/Who_Cares/Who_Cares.mxl,English,0.45714285714285713,64,140.0,1.3333333333333333,1.4095843729891318,30.00755857898715,2.4901960784313726,31,0.484375
4304,Shady Grove,[Traditional],"Folk, World, & Country",,English,dataset/[Traditional]/Shady_Grove/Shady_Grove.mxl,English,1.6875,54,32.0,0.43478260869565216,0.41189772438035693,38.867924528301884,0.8695652173913043,30,0.5555555555555556
4309,Embraceable You,George Gershwin,Pop,1930.0,English,dataset/George_Gershwin-Ira_Gershwin/Embraceable_You/Embraceable_You.mxl,English,0.6985294117647058,95,136.0,0.88,0.9428326115134823,36.1533265788585,2.1999999999999997,33,0.3473684210526316
4340,The Old Spinning Wheel,Billy Hill,"Folk, World, & Country",1933.0,English,dataset/Billy_Hill/The_Old_Spinning_Wheel/The_Old_Spinning_Wheel.mxl,English,1.8541666666666667,89,48.0,0.44339622641509435,0.23108393799841304,9.090909090909092,1.7547169811320755,20,0.2247191011235955
4381,Here Lies Love,Ralph Rainger,Pop,1932.0,English,dataset/Leo_Robin-Ralph_Rainger/Here_Lies_Love/Here_Lies_Love.mxl,English,0.9696969696969697,128,132.0,0.6370558375634517,0.7063867176353962,29.34383202099737,1.218274111675127,49,0.3828125
4402,For You,Al Dubin,Rock,1931.0,English,dataset/Al_Dubin-Joe_Burke/For_You/For_You.mxl,English,0.6071428571428571,85,140.0,1.2053571428571428,1.2257533605992714,36.45124716553289,2.375,42,0.49411764705882355
4406,"I Can Dream, Can't I?",Irving Kahal,Pop,1938.0,English,"dataset/Irving_Kahal-Sammy_Fain/I_Can_Dream,_Can't_I?/I_Can_Dream,_Can't_I?.mxl",English,0.8409090909090909,111,132.0,0.8958333333333337,0.8112526037166456,29.76308539944901,2.6250000000000013,44,0.3963963963963964
4407,Banks of the Ohio,[Traditional],Rock,1927.0,English,dataset/[Traditional]/Banks_of_the_Ohio/Banks_of_the_Ohio.mxl,English,0.66875,107,160.0,1.24,1.5107613974416998,33.84954667973537,7.140000000000001,49,0.45794392523364486
4415,"I'll Take You Home Again, Kathleen",Thomas P. Westendorf,Pop,,English,"dataset/Thomas_P._Westendorf/I'll_Take_You_Home_Again,_Kathleen/I'll_Take_You_Home_Again,_Kathleen.mxl",English,0.97,97,100.0,0.7175572519083969,0.8960243756933869,20.376984126984123,2.015267175572519,35,0.36082474226804123
4420,Tiger Rag,Henry Ragas,Pop,1917.0,,dataset/Eddie_Edwards-Henry_Ragas-Larry_Shields-Nick_LaRocca-Tony_Sbarbaro/Tiger_Rag/Tiger_Rag.mxl,English,0.5441176470588235,74,136.0,1.4886363636363635,1.0444041165553142,33.18112633181127,3.3238636363636362,35,0.47297297297297297
4446,Falling in Love with Love,Lorenz Hart,Pop,1938.0,English,dataset/Lorenz_Hart-Richard_Rodgers/Falling_in_Love_with_Love/Falling_in_Love_with_Love.mxl,English,0.5317460317460317,67,126.0,1.4819277108433735,1.1124860446736191,21.515151515151516,2.7710843373493974,30,0.44776119402985076
4450,After You've Gone,Henry Creamer,Rock,1904.0,English,dataset/Henry_Creamer-Turner_Layton/After_You've_Gone/After_You've_Gone.mxl,English,1.1428571428571428,96,84.0,0.64,0.549909083394701,35.077694235588964,1.168,38,0.3958333333333333
4462,The Bells of St. Mary's,A. Emmett Adams,Rock,1919.0,English,dataset/A._Emmett_Adams-Douglas_Furber/The_Bells_of_St._Mary's/The_Bells_of_St._Mary's.mxl,English,0.7121212121212122,94,132.0,1.0593220338983051,0.7046140051788415,11.46953405017921,4.203389830508475,30,0.3191489361702128
4485,Go Tell It on the Mountain,[Traditional],Rock,1941.0,English,dataset/[Traditional]/Go_Tell_It_on_the_Mountain/Go_Tell_It_on_the_Mountain.mxl,English,0.90625,58,64.0,0.8378378378378378,0.7028326283213971,42.22222222222222,2.5135135135135136,31,0.5344827586206896
4488,Pretty Baby,Tony Jackson [1],Pop,1898.0,English,dataset/Egbert_Van_Alstyne-Gus_Kahn-Tony_Jackson_[1]/Pretty_Baby/Pretty_Baby.mxl,English,1.25,70,56.0,0.5104166666666666,0.495968994046559,26.83731727209988,0.9583333333333334,29,0.4142857142857143
4502,Liza (All the Clouds'll Roll Away),Gus Kahn,Pop,1929.0,English,dataset/George_Gershwin-Gus_Kahn-Ira_Gershwin/Liza_(All_the_Clouds'll_Roll_Away)/Liza_(All_the_Clouds'll_Roll_Away).mxl,English,0.75,153,204.0,0.7490636704119851,0.948213905286295,34.786967418546325,1.4269662921348314,69,0.45098039215686275
4506,Love Walked In,George Gershwin,Pop,1938.0,English,dataset/George_Gershwin-Ira_Gershwin/Love_Walked_In/Love_Walked_In.mxl,English,0.671875,86,128.0,1.024793388429752,1.1496518331551284,36.07843137254903,2.0165289256198347,34,0.3953488372093023
4532,South American Way,Al Dubin,Pop,1939.0,English,dataset/Al_Dubin-Jimmy_McHugh/South_American_Way/South_American_Way.mxl,English,1.2115384615384615,126,104.0,0.6689655172413793,0.5699990612671407,16.32,1.3241379310344827,45,0.35714285714285715
4540,The Wild Rover,[Traditional],Rock,1955.0,English,dataset/[Traditional]/The_Wild_Rover/The_Wild_Rover.mxl,English,0.75,81,108.0,1.092783505154639,0.825901247520401,33.500000000000014,3.123711340206186,37,0.4567901234567901
4543,What Do You Want to Make Those Eyes at Me For?,Joseph McCarthy,Rock,1914.0,English,dataset/Howard_Johnson-Jimmy_Monaco-Joseph_McCarthy/What_Do_You_Want_to_Make_Those_Eyes_at_Me_For?/What_Do_You_Want_to_Make_Those_Eyes_at_Me_For?.mxl,English,1.3513513513513513,200,148.0,0.6651376146788992,0.505951034144717,31.143395967516543,2.6422018348623846,86,0.43
4585,The Skye Boat Song,Sir Harold Boulton,"Folk, World, & Country",1899.0,English,dataset/Annie_MacLeod-Sir_Harold_Boulton/The_Skye_Boat_Song/The_Skye_Boat_Song.mxl,English,0.7083333333333334,68,96.0,0.9789473684210527,0.9231404907439439,24.278606965174127,1.9578947368421054,30,0.4411764705882353
4597,The Teddy Bears Picnic,John W. Bratton,Pop,1907.0,,dataset/John_W._Bratton/The_Teddy_Bears_Picnic/The_Teddy_Bears_Picnic.mxl,English,1.2252252252252251,272,222.0,0.6246458923512748,0.5282811422522395,21.117554032683167,1.1189801699716715,72,0.2647058823529412
4621,The Lady Is a Tramp,Lorenz Hart,Pop,1937.0,English,dataset/Lorenz_Hart-Richard_Rodgers/The_Lady_Is_a_Tramp/The_Lady_Is_a_Tramp.mxl,English,0.7142857142857143,215,301.0,0.99,0.9556324258486281,29.427384661029485,1.8433333333333333,66,0.30697674418604654
4626,Angels We Have Heard on High,James Chadwick,Rock,1847.0,English,dataset/James_Chadwick/Angels_We_Have_Heard_on_High/Angels_We_Have_Heard_on_High.mxl,English,0.8863636363636364,78,88.0,0.7850467289719626,0.7429171773460632,34.18676561533705,1.5700934579439252,35,0.44871794871794873
4700,Good King Wenceslas,Thomas Helmore,"Folk, World, & Country",1850.0,English,dataset/John_Mason_Neale-Thomas_Helmore/Good_King_Wenceslas/Good_King_Wenceslas.mxl,English,0.7794117647058824,106,136.0,0.8918918918918919,0.7083968876800629,32.76190476190477,1.7837837837837838,33,0.3113207547169811
4704,Amapola,Joseph LaCalle,Rock,,,dataset/Joseph_LaCalle/Amapola/Amapola.mxl,English,0.7424242424242424,98,132.0,1.1743119266055047,0.8523473975956231,58.63524791359842,4.422018348623853,45,0.45918367346938777
4735,Happy Birthday to You,Patty Hill,Rock,1907.0,English,dataset/Mildred_Hill-Patty_Hill/Happy_Birthday_to_You/Happy_Birthday_to_You.mxl,No Lyrics,0.5161290322580645,32,62.0,1.1538461538461537,0.9684367932318595,30.10752688172043,2.076923076923077,14,0.4375
4739,Let Us Break Bread Together,[Traditional],Pop,,English,dataset/[Traditional]/Let_Us_Break_Bread_Together/Let_Us_Break_Bread_Together.mxl,English,0.673469387755102,132,196.0,0.9644670050761421,0.9840124762826246,35.24866990515844,1.9289340101522843,58,0.4393939393939394
4747,I Saw Three Ships,[Traditional],Pop,,English,dataset/[Traditional]/I_Saw_Three_Ships/I_Saw_Three_Ships.mxl,English,1.2592592592592593,34,27.0,0.5,0.39009474880274697,16.363636363636363,1.5,15,0.4411764705882353
4757,How Can I Keep from Singing?,Robert Lowry,"Folk, World, & Country",1862.0,English,dataset/Robert_Lowry/How_Can_I_Keep_from_Singing?/How_Can_I_Keep_from_Singing?.mxl,English,0.6224489795918368,61,98.0,1.069767441860465,1.0841425469908381,17.476190476190474,2.0697674418604652,22,0.36065573770491804
4762,You Are Too Beautiful,Lorenz Hart,Pop,1933.0,English,dataset/Lorenz_Hart-Richard_Rodgers/You_Are_Too_Beautiful/You_Are_Too_Beautiful.mxl,English,0.9545454545454546,126,132.0,0.6597938144329898,0.8711086028948059,34.77056277056274,2.639175257731959,57,0.4523809523809524
4776,When You Come to the End of the Day,Gus Kahn,Pop,1929.0,English,dataset/Frank_Westphal-Gus_Kahn/When_You_Come_to_the_End_of_the_Day/When_You_Come_to_the_End_of_the_Day.mxl,English,0.7777777777777778,77,99.0,0.8703703703703703,0.8881169487616146,12.192982456140351,1.7407407407407407,32,0.4155844155844156
4795,I'll Be Seeing You,Irving Kahal,Pop,1938.0,English,dataset/Irving_Kahal-Sammy_Fain/I'll_Be_Seeing_You/I'll_Be_Seeing_You.mxl,No Lyrics,0.90625,116,128.0,0.8157894736842105,0.7493071592054653,28.43340234644582,2.4276315789473686,52,0.4482758620689655
4801,Drifting and Dreaming,Loyal Curtis,Pop,,English,dataset/Egbert_Van_Alstyne-Erwin_Roeder_Schmidt-Haven_Gillespie-Loyal_Curtis/Drifting_and_Dreaming/Drifting_and_Dreaming.mxl,English,0.4895833333333333,94,192.0,1.492063492063492,1.536570246670449,43.53374475615561,4.428571428571429,45,0.4787234042553192
4825,Way Down Yonder in New Orleans,Henry Creamer,Rock,1922.0,English,dataset/Henry_Creamer-Turner_Layton/Way_Down_Yonder_in_New_Orleans/Way_Down_Yonder_in_New_Orleans.mxl,English,0.9083333333333333,109,120.0,0.7329192546583851,0.8982056922163649,36.5461493239271,1.3229813664596273,51,0.46788990825688076
4828,They All Laughed,George Gershwin,Pop,1937.0,English,dataset/George_Gershwin-Ira_Gershwin/They_All_Laughed/They_All_Laughed.mxl,English,0.9276315789473685,141,152.0,0.7474747474747475,0.8241884204431742,38.38835183196082,2.1666666666666665,64,0.45390070921985815
4838,You're Driving Me Crazy (What Did I Do?),Walter Donaldson,Pop,1920.0,English,dataset/Walter_Donaldson/You're_Driving_Me_Crazy_(What_Did_I_Do?)/You're_Driving_Me_Crazy_(What_Did_I_Do?).mxl,English,0.585,117,200.0,1.180722891566265,1.1938050769556712,41.33825944170767,2.3012048192771086,50,0.42735042735042733
4854,I Heard the Bells on Christmas Day,John Baptiste Calkin,Rock,1866.0,English,dataset/John_Baptiste_Calkin/I_Heard_the_Bells_on_Christmas_Day/I_Heard_the_Bells_on_Christmas_Day.mxl,English,0.8888888888888888,32,36.0,0.6595744680851063,0.53699699847336,15.053763440860214,1.3191489361702127,16,0.5
4870,(There'll Be Bluebirds Over) The White Cliffs of Dover,Nat Schwartz,Pop,,English,dataset/Nat_Schwartz-Walter_Kent/(There'll_Be_Bluebirds_Over)_The_White_Cliffs_of_Dover/(There'll_Be_Bluebirds_Over)_The_White_Cliffs_of_Dover.mxl,English,0.7222222222222222,78,108.0,0.9444444444444444,0.8854098583616244,45.99876314162029,2.6944444444444446,38,0.48717948717948717
4878,Simple Gifts,"Joseph Brackett, Jr.",Pop,1839.0,English,"dataset/Joseph_Brackett,_Jr./Simple_Gifts/Simple_Gifts.mxl",No Lyrics,1.296875,83,64.0,0.5943396226415094,0.46130049729802464,20.34843205574913,1.1886792452830188,35,0.42168674698795183
4879,Colonel Bogey March,Frederick Ricketts,Pop,1913.0,,dataset/Frederick_Ricketts/Colonel_Bogey_March/Colonel_Bogey_March.mxl,No Lyrics,0.6419753086419753,208,324.0,1.3044354838709677,1.1522508144436505,32.65700483091784,1.814516129032258,65,0.3125
4904,Second Hand Rose,James Hanley,Pop,,English,dataset/Grant_Clarke-James_Hanley/Second_Hand_Rose/Second_Hand_Rose.mxl,English,0.686046511627907,118,172.0,1.0677419354838709,1.0287440186865484,28.23768823768824,3.1258064516129034,38,0.3220338983050847
4906,Rock of Ages,Thomas Hastings,Rock,1828.0,English,dataset/Augustus_Toplady-Thomas_Hastings/Rock_of_Ages/Rock_of_Ages.mxl,English,1.135135135135135,42,37.0,0.6666666666666666,0.5483188805533163,25.6910569105691,1.3333333333333333,20,0.47619047619047616
4918,Sleepy Time Gal,Richard A. Whiting,Pop,1925.0,English,dataset/Ange_Lorenzo-Joseph_Alden-Raymond_B._Egan-Richard_A._Whiting/Sleepy_Time_Gal/Sleepy_Time_Gal.mxl,English,0.9779411764705882,133,136.0,0.7570621468926554,0.8244281439272594,39.65542874633782,1.3418079096045197,51,0.38345864661654133
4920,Beautiful Isle of Somewhere,John Sylvester Fearis,Pop,1908.0,English,dataset/Jesse_Brown_Pounds-John_Sylvester_Fearis/Beautiful_Isle_of_Somewhere/Beautiful_Isle_of_Somewhere.mxl,English,0.6145833333333334,59,96.0,1.2567567567567568,1.0241781254862925,26.89655172413792,2.4594594594594597,27,0.4576271186440678
4923,Ain't We Got Fun,Richard A. Whiting,Pop,1914.0,English,dataset/Gus_Kahn-Raymond_B._Egan-Richard_A._Whiting/Ain't_We_Got_Fun/Ain't_We_Got_Fun.mxl,English,0.7608695652173914,70,92.0,0.8543689320388349,0.7160811228965357,32.367149758454104,1.4757281553398058,29,0.4142857142857143
4933,Where the River Shannon Flows,James I. Russell,Pop,,English,dataset/James_I._Russell/Where_the_River_Shannon_Flows/Where_the_River_Shannon_Flows.mxl,English,1.7941176470588236,122,68.0,0.40062111801242234,0.28453883237911365,11.900826446280988,1.1180124223602483,39,0.319672131147541
4934,My Wild Irish Rose,Chauncey Olcott,Pop,1899.0,English,dataset/Chauncey_Olcott/My_Wild_Irish_Rose/My_Wild_Irish_Rose.mxl,English,0.7711442786069652,155,201.0,0.9611650485436893,0.8322659453725948,36.06060606060601,3.6116504854368934,57,0.36774193548387096
4955,"Oh Johnny, oh Johnny, Oh!",Ed Rose,Pop,1905.0,English,"dataset/Abe_Olman-Ed_Rose/Oh_Johnny,_oh_Johnny,_Oh!/Oh_Johnny,_oh_Johnny,_Oh!.mxl",English,0.6875,88,128.0,1.0598290598290598,0.8895461081201836,22.18938149972633,3.1282051282051286,36,0.4090909090909091
4959,Ave Maria,Charles Gounod,Pop,1855.0,,dataset/Charles_Gounod/Ave_Maria/Ave_Maria.mxl,Latin,0.8541666666666666,123,144.0,0.8805031446540881,0.9387016315820299,26.984126984126988,1.6666666666666667,56,0.45528455284552843
4988,I Don't Know Why (I Just Do),Roy Turk,Pop,1931.0,English,dataset/Fred_E._Ahlert-Roy_Turk/I_Don't_Know_Why_(I_Just_Do)/I_Don't_Know_Why_(I_Just_Do).mxl,English,1.28,128,100.0,0.5581395348837209,0.6352924827743126,32.94838145231842,1.6133720930232558,48,0.375
5007,Wild Mountain Thyme,Robert Tannahill,Rock,1792.0,English,dataset/Francis_McPeake-Robert_Tannahill/Wild_Mountain_Thyme/Wild_Mountain_Thyme.mxl,English,0.9166666666666666,66,72.0,0.693069306930693,0.609212675759016,27.750915750915752,2.0792079207920793,30,0.45454545454545453
5017,Coquette,Gus Kahn,Rock,1928.0,English,dataset/Carmen_Lombardo-Gus_Kahn-Johnny_Green/Coquette/Coquette.mxl,English,0.967741935483871,120,124.0,0.8243243243243246,0.8380012918152354,34.31767112439381,2.1587837837837838,48,0.4
5028,Sweet Georgia Brown,Ben Bernie,Rock,1925.0,English,dataset/Ben_Bernie-Kenneth_Casey-Maceo_Pinkard/Sweet_Georgia_Brown/Sweet_Georgia_Brown.mxl,English,0.8046875,103,128.0,1.016,0.8171560438496426,24.047194635429936,2.904,37,0.3592233009708738
5034,Drink to Me Only with Thine Eyes,[Traditional],Pop,,English,dataset/[Traditional]/Drink_to_Me_Only_with_Thine_Eyes/Drink_to_Me_Only_with_Thine_Eyes.mxl,English,0.7777777777777778,70,90.0,0.9560439560439561,0.7249416484602487,23.47826086956521,2.868131868131868,24,0.34285714285714286
5059,Whispering Hope,Septimus Winner,Pop,1911.0,English,dataset/Septimus_Winner/Whispering_Hope/Whispering_Hope.mxl,English,0.6309523809523809,106,168.0,1.1870503597122302,1.049620317264076,35.129251700680264,3.539568345323741,38,0.3584905660377358
5072,I'll Be with You in Apple Blossom Time,Neville Fleeson,Pop,1916.0,English,dataset/Albert_Von_Tilzer-Neville_Fleeson/I'll_Be_with_You_in_Apple_Blossom_Time/I'll_Be_with_You_in_Apple_Blossom_Time.mxl,English,0.7604166666666666,73,96.0,1.0568181818181819,0.8509079982510467,36.944444444444464,2.1136363636363638,34,0.4657534246575342
5078,Sometimes I Feel Like a Motherless Child,[Traditional],Rock,,English,dataset/[Traditional]/Sometimes_I_Feel_Like_a_Motherless_Child/Sometimes_I_Feel_Like_a_Motherless_Child.mxl,English,0.525,84,160.0,1.6082474226804124,1.339769952794465,54.239816408491066,4.731958762886598,36,0.42857142857142855
5098,Summertime,George Gershwin,Rock,1935.0,English,dataset/DuBose_Heyward-George_Gershwin-Ira_Gershwin/Summertime/Summertime.mxl,English,0.7769230769230769,101,130.0,1.0756302521008403,0.9815639255989352,54.222222222222214,2.96218487394958,50,0.49504950495049505
5099,Aloha Oe,Liliuokalani,"Folk, World, & Country",1904.0,English,dataset/Liliuokalani/Aloha_Oe/Aloha_Oe.mxl,English,0.5303030303030303,70,132.0,1.4705882352941178,1.1017444487946504,32.28433402346448,7.352941176470589,31,0.44285714285714284
5117,The Band Played On,Charles B. Ward,Pop,1891.0,English,dataset/Charles_B._Ward-John_F._Palmer/The_Band_Played_On/The_Band_Played_On.mxl,English,0.7647058823529411,78,102.0,1.053191489361702,0.8330541255511437,22.337662337662337,2.0319148936170213,31,0.3974358974358974
5125,Little Sir Echo,Laura Rountree Smith,Pop,,English,dataset/John_Sylvester_Fearis-Laura_Rountree_Smith/Little_Sir_Echo/Little_Sir_Echo.mxl,English,0.6470588235294118,99,153.0,1.121212121212121,0.9356597334623163,24.849368318756085,4.454545454545454,43,0.43434343434343436
5135,Isn't It Romantic?,Lorenz Hart,Pop,1932.0,English,dataset/Lorenz_Hart-Richard_Rodgers/Isn't_It_Romantic?/Isn't_It_Romantic?.mxl,English,0.8714285714285714,122,140.0,0.7640449438202247,0.9273917988325386,43.48180744874956,2.9213483146067416,49,0.4016393442622951
